Flower_ID,Experiment,Species,Focal_Loc,Plant,Ramet,Bract,Treatment,HP_time,E_time,V_time,PD_Loc,PD_plant,PD_ramet,PD_bract,Bird,Band_or_color,VisDuration,Time_to_capture,Pollen_Location,Date,Collect_HrsAfter,Damage,Nectar_Out,Brix,Pollen_added_after_visit,Notes,Tube_Count
95,NA,H.hirsuta,Garden,G-HIR-01,6,1,OP,NA,NA,NA,NA,NA,NA,NA,NA,NA,NA,NA,NA,20170214,NA,NA,NA,NA,NA,NA,0
117,NA,H.hirsuta,Garden,G-HIR-01,13,3,OP,NA,NA,NA,NA,NA,NA,NA,NA,NA,NA,NA,NA,20170214,NA,NA,NA,NA,NA,NA,0
184,NA,H.hirsuta,Garden,G-HIR-01,7,1,OP,NA,NA,NA,NA,NA,NA,NA,NA,NA,NA,NA,NA,20170214,NA,NA,NA,NA,NA,NA,1
93,NA,H.hirsuta,Garden,G-HIR-01,15,1,OP,NA,NA,NA,NA,NA,NA,NA,NA,NA,NA,NA,NA,20170215,29,NA,NA,NA,NA,NA,0
94,NA,H.hirsuta,Garden,G-HIR-01,15,2,OP,NA,NA,NA,NA,NA,NA,NA,NA,NA,NA,NA,NA,20170215,29,NA,NA,NA,NA,NA,1
321,NA,H.hirsuta,Garden,G-HIR-01,16,2,OP,NA,NA,NA,NA,NA,NA,NA,NA,NA,NA,NA,NA,20170215,29,NA,NA,NA,NA,NA,0
322,NA,H.hirsuta,Garden,G-HIR-01,8,3,OP,NA,NA,NA,NA,NA,NA,NA,NA,NA,NA,NA,NA,20170215,29,NA,NA,NA,NA,NA,1
422,NA,H.hirsuta,Pino_Colina,PC-HIR-01,NA,NA,OP,NA,NA,NA,NA,NA,NA,NA,NA,NA,NA,NA,NA,20170221,27.5,NA,NA,NA,NA,NA,1
245,NA,H.hirsuta,Pino_Colina,PC-HIR-01,7,NA,HP,800,NA,NA,NA,NA,NA,NA,NA,NA,NA,NA,NA,20170223,24.5,NA,NA,NA,NA,NA,1
360,NA,H.hirsuta,Pino_Colina,PC-HIR-01,5,NA,HP,730,NA,NA,NA,NA,NA,NA,NA,NA,NA,NA,NA,20170223,26,NA,NA,NA,NA,NA,1
361,NA,H.hirsuta,Pino_Colina,PC-HIR-01,4,NA,HP,730,NA,NA,NA,NA,NA,NA,NA,NA,NA,NA,NA,20170223,26,NA,NA,NA,NA,NA,0
362,NA,H.hirsuta,Pino_Colina,PC-HIR-01,4,NA,HP,730,NA,NA,NA,NA,NA,NA,NA,NA,NA,NA,NA,20170223,26,NA,NA,NA,NA,NA,0
600,NA,H.hirsuta,Pino_Colina,PC-HIR-01,2,NA,HP,730,NA,NA,Garden,G-HIR-01,14,NA,NA,NA,NA,NA,NA,20170223,24.5,NA,NA,NA,NA,NA,1
375,NA,H.hirsuta,Pino_Colina,PC-HIR-01,2,1,HP,730,NA,NA,Pino_Colina,PC-HIR-08,1,1,NA,NA,NA,NA,NA,20170224,25,NA,NA,NA,NA,NA,1
388,NA,H.hirsuta,Pino_Colina,PC-HIR-01,7,2,HP,730,NA,NA,Pino_Colina,PC-HIR-08,1,1,NA,NA,NA,NA,NA,20170224,26,NA,NA,NA,NA,NA,0
472,NA,H.hirsuta,Pino_Colina,PC-HIR-01,3,NA,OP,NA,NA,NA,NA,NA,NA,NA,NA,NA,NA,NA,NA,20170224,27.5,NA,NA,NA,NA,NA,0
478,NA,H.hirsuta,Pino_Colina,PC-HIR-01,5,5,HP,730,NA,NA,Pino_Colina,PC-HIR-08,1,1,NA,NA,NA,NA,NA,20170224,26,NA,NA,NA,NA,NA,0
487,NA,H.hirsuta,Pino_Colina,PC-HIR-01,1,3,HP,730,NA,NA,Pino_Colina,PC-HIR-08,1,1,NA,NA,NA,NA,NA,20170224,24.5,NA,NA,NA,NA,NA,0
429,NA,H.hirsuta,Pino_Colina,PC-HIR-01,7,5,HP,800,NA,NA,Garden,G-HIR-01,16,1,NA,NA,NA,NA,NA,20170225,25.5,NA,NA,NA,NA,NA,0
495,NA,H.hirsuta,Pino_Colina,PC-HIR-01,4,4,HP,730,NA,NA,Garden,G-HIR-01,16,1,NA,NA,NA,NA,NA,20170225,26,NA,NA,NA,NA,NA,0
365,NA,H.hirsuta,Pino_Colina,PC-HIR-01,5,NA,OP,NA,NA,NA,NA,NA,NA,NA,NA,NA,NA,NA,NA,20170226,27.5,NA,NA,NA,NA,NA,0
409,NA,H.hirsuta,Pino_Colina,PC-HIR-01,1,3,OP,NA,NA,NA,NA,NA,NA,NA,NA,NA,NA,NA,NA,20170226,27.5,NA,NA,NA,NA,NA,0
465,NA,H.hirsuta,Pino_Colina,PC-HIR-01,2,1,OP,NA,NA,NA,NA,NA,NA,NA,NA,NA,NA,NA,NA,20170226,27.5,NA,NA,NA,NA,NA,1
745,NA,H.hirsuta,Pino_Colina,PC-HIR-01,3,4,OP,NA,NA,NA,NA,NA,NA,NA,NA,NA,NA,NA,NA,20170226,27.5,NA,NA,NA,NA,NA,1
497,NA,H.hirsuta,Pino_Colina,PC-HIR-01,2,2,HP,730,NA,NA,Garden,G-HIR-01,15,3,NA,NA,NA,NA,NA,20170316,27.5,NA,NA,NA,NA,NA,0
494,NA,H.hirsuta,Pino_Colina,PC-HIR-02,2,3,OP,NA,NA,NA,NA,NA,NA,NA,NA,NA,NA,NA,NA,20170224,27.5,NA,NA,NA,NA,NA,1
598,NA,H.hirsuta,Pino_Colina,PC-HIR-02,3,1,OP,NA,NA,NA,NA,NA,NA,NA,NA,NA,NA,NA,NA,20170224,27.5,NA,NA,NA,NA,NA,0
599,NA,H.hirsuta,Pino_Colina,PC-HIR-02,3,3,OP,NA,NA,NA,NA,NA,NA,NA,NA,NA,NA,NA,NA,20170224,27.5,NA,NA,NA,NA,NA,2
639,NA,H.hirsuta,Pino_Colina,PC-HIR-02,3,2,OP,NA,NA,NA,NA,NA,NA,NA,NA,NA,NA,NA,NA,20170226,27,NA,NA,NA,NA,NA,2
381,NA,H.hirsuta,Pino_Colina,PC-HIR-03,2,1,HP,800,NA,NA,Pino_Colina,PC-HIR-08,1,1,NA,NA,NA,NA,NA,20170224,24,NA,NA,NA,NA,NA,1
382,NA,H.hirsuta,Pino_Colina,PC-HIR-03,2,3,HP,800,NA,NA,Pino_Colina,PC-HIR-08,1,1,NA,NA,NA,NA,NA,20170224,24.5,NA,NA,NA,NA,NA,1
469,NA,H.hirsuta,Pino_Colina,PC-HIR-03,2,3,HP,800,NA,NA,Garden,G-HIR-01,16,1,NA,NA,NA,NA,NA,20170225,25.5,NA,NA,NA,NA,NA,1
545,NA,H.hirsuta,Pino_Colina,PC-HIR-03,1,5,HP,730,NA,NA,Garden,G-HIR-01,6,1,NA,NA,NA,NA,NA,20170315,24,NA,NA,NA,NA,NA,0
713,NA,H.hirsuta,Pino_Colina,PC-HIR-03,3,2,OP,NA,NA,NA,NA,NA,NA,NA,NA,NA,NA,NA,NA,20170315,29.5,NA,NA,NA,NA,NA,1
216,NA,H.hirsuta,Pino_Colina,PC-HIR-05,1,NA,HP,730,NA,NA,Garden,G-HIR-01,NA,NA,NA,NA,NA,NA,NA,20170223,25,NA,NA,NA,NA,NA,0
242,NA,H.hirsuta,Pino_Colina,PC-HIR-05,4,1,HP,730,NA,NA,Garden,G-HIR-01,NA,NA,NA,NA,NA,NA,NA,20170223,25,NA,NA,NA,NA,NA,0
243,NA,H.hirsuta,Pino_Colina,PC-HIR-05,4,2,HP,730,NA,NA,Garden,G-HIR-01,NA,NA,NA,NA,NA,NA,NA,20170223,25,NA,NA,NA,NA,NA,3
244,NA,H.hirsuta,Pino_Colina,PC-HIR-05,4,3,HP,730,NA,NA,Garden,G-HIR-01,NA,NA,NA,NA,NA,NA,NA,20170223,25,NA,NA,NA,NA,NA,3
477,NA,H.hirsuta,Pino_Colina,PC-HIR-05,1,1,HP,800,NA,NA,Pino_Colina,PC-HIR-08,1,1,NA,NA,NA,NA,NA,20170224,25,NA,NA,NA,NA,NA,0
400,NA,H.hirsuta,Pino_Colina,PC-HIR-05,2,3,HP,800,NA,NA,Garden,G-HIR-01,15,3,NA,NA,NA,NA,NA,20170225,25.5,NA,NA,NA,NA,NA,0
401,NA,H.hirsuta,Pino_Colina,PC-HIR-05,2,6,HP,800,NA,NA,Garden,G-HIR-01,15,3,NA,NA,NA,NA,NA,20170225,25.5,NA,NA,NA,NA,NA,0
630,NA,H.hirsuta,Pino_Colina,PC-HIR-05,4,4,HP,800,NA,NA,Garden,G-HIR-01,15,3,NA,NA,NA,NA,NA,20170225,25.5,NA,NA,NA,NA,NA,0
742,NA,H.hirsuta,Pino_Colina,PC-HIR-05,1,2,OP,NA,NA,NA,NA,NA,NA,NA,NA,NA,NA,NA,NA,20170226,27,NA,NA,NA,NA,NA,3
743,NA,H.hirsuta,Pino_Colina,PC-HIR-05,1,4,OP,NA,NA,NA,NA,NA,NA,NA,NA,NA,NA,NA,NA,20170226,27,NA,NA,NA,NA,NA,3
616,NA,H.hirsuta,Pino_Colina,PC-HIR-05,1,3,HP,800,NA,NA,Garden,G-HIR-01,6,1,NA,NA,NA,NA,NA,20170315,26.5,NA,NA,NA,NA,NA,0
592,NA,H.hirsuta,Pino_Colina,PC-HIR-06,1,3,HP,800,NA,NA,Pino_Colina,PC-HIR-08,1,2,NA,NA,NA,NA,NA,20170224,25,NA,NA,NA,NA,NA,1
593,NA,H.hirsuta,Pino_Colina,PC-HIR-06,1,4,HP,800,NA,NA,Pino_Colina,PC-HIR-08,1,2,NA,NA,NA,NA,NA,20170224,25,NA,NA,NA,NA,NA,0
479,NA,H.hirsuta,Pino_Colina,PC-HIR-06,2,2,OP,NA,NA,NA,NA,NA,NA,NA,NA,NA,NA,NA,NA,20170226,27,NA,NA,NA,NA,NA,0
419,NA,H.hirsuta,Pino_Colina,PC-HIR-07,NA,NA,OP,NA,NA,NA,NA,NA,NA,NA,NA,NA,NA,NA,NA,20170221,27.5,NA,NA,NA,NA,NA,0
420,NA,H.hirsuta,Pino_Colina,PC-HIR-07,NA,NA,OP,NA,NA,NA,NA,NA,NA,NA,NA,NA,NA,NA,NA,20170221,27.5,NA,NA,NA,NA,NA,0
421,NA,H.hirsuta,Pino_Colina,PC-HIR-07,NA,NA,OP,NA,NA,NA,NA,NA,NA,NA,NA,NA,NA,NA,NA,20170221,27.5,NA,NA,NA,NA,NA,0
493,NA,H.hirsuta,Pino_Colina,PC-HIR-07,2,3,HP,730,NA,NA,Garden,G-HIR-01,NA,NA,NA,NA,NA,NA,NA,20170223,27.5,NA,NA,NA,NA,NA,0
744,NA,H.hirsuta,Pino_Colina,PC-HIR-07,2,5,OP,NA,NA,NA,NA,NA,NA,NA,NA,NA,NA,NA,NA,20170226,27,NA,NA,NA,NA,NA,1
97,NA,H.metallica,Garden,G-MET-01,13,1,OP,NA,NA,NA,NA,NA,NA,NA,NA,NA,NA,NA,NA,20170215,NA,NA,NA,NA,NA,NA,3
98,NA,H.metallica,Garden,G-MET-01,13,2,OP,NA,NA,NA,NA,NA,NA,NA,NA,NA,NA,NA,NA,20170215,NA,NA,NA,NA,NA,NA,0
99,NA,H.metallica,Garden,G-MET-01,18,2,OP,NA,NA,NA,NA,NA,NA,NA,NA,NA,NA,NA,NA,20170215,NA,NA,NA,NA,NA,NA,1
106,NA,H.metallica,Garden,G-MET-01,14,2,HP,600,NA,NA,Garden,G-MET-02,3,1,NA,NA,NA,NA,NA,20170215,NA,NA,NA,NA,NA,NA,0
107,NA,H.metallica,Garden,G-MET-01,15,3,OP,NA,NA,NA,NA,NA,NA,NA,NA,NA,NA,NA,NA,20170215,NA,NA,NA,NA,NA,NA,0
108,NA,H.metallica,Garden,G-MET-01,19,3,HP,600,NA,NA,Garden,G-MET-02,3,1,NA,NA,NA,NA,NA,20170215,NA,NA,NA,NA,NA,NA,0
109,NA,H.metallica,Garden,G-MET-01,19,6,HP,600,NA,NA,Garden,G-MET-02,3,1,NA,NA,NA,NA,NA,20170215,NA,NA,NA,NA,NA,NA,0
127,NA,H.metallica,Garden,G-MET-01,5,1,HP,600,NA,NA,Garden,G-MET-02,3,1,NA,NA,NA,NA,NA,20170215,NA,NA,NA,NA,NA,NA,2
128,NA,H.metallica,Garden,G-MET-01,5,6,HP,600,NA,NA,Garden,G-MET-02,3,1,NA,NA,NA,NA,NA,20170215,NA,NA,NA,NA,NA,NA,0
139,NA,H.metallica,Garden,G-MET-01,6,3,OP,NA,NA,NA,NA,NA,NA,NA,NA,NA,NA,NA,NA,20170215,NA,NA,NA,NA,NA,NA,2
142,NA,H.metallica,Garden,G-MET-01,20,NA,OP,NA,NA,NA,NA,NA,NA,NA,NA,NA,NA,NA,NA,20170221,30,NA,NA,NA,NA,NA,0
470,NA,H.metallica,Garden,G-MET-01,14,NA,OP,NA,NA,NA,NA,NA,NA,NA,NA,NA,NA,NA,NA,20170221,30,NA,NA,NA,NA,NA,1
471,NA,H.metallica,Garden,G-MET-01,19,NA,OP,NA,NA,NA,NA,NA,NA,NA,NA,NA,NA,NA,NA,20170221,29.5,NA,NA,NA,NA,NA,0
185,NA,H.metallica,Garden,G-MET-01,15,2,HP,600,NA,NA,Garden,G-MET-02,6,1,NA,NA,NA,NA,NA,20170222,NA,NA,NA,NA,NA,NA,0
186,NA,H.metallica,Garden,G-MET-01,15,3,HP,600,NA,NA,Garden,G-MET-02,6,1,NA,NA,NA,NA,NA,20170222,NA,NA,NA,NA,NA,NA,0
488,NA,H.metallica,Garden,G-MET-01,6,3,HP,530,NA,NA,Garden,G-MET-02,6,1,NA,NA,NA,NA,NA,20170222,25,NA,NA,NA,NA,NA,0
201,NA,H.metallica,Garden,G-MET-01,18,2,OP,NA,NA,NA,NA,NA,NA,NA,NA,NA,NA,NA,NA,20170223,NA,NA,NA,NA,NA,NA,0
205,NA,H.metallica,Garden,G-MET-01,4,1,HP,600,NA,NA,Garden,G-MET-02,4,1,NA,NA,NA,NA,NA,20170223,NA,NA,NA,NA,NA,NA,0
379,NA,H.metallica,Garden,G-MET-01,13,NA,OP,NA,NA,NA,NA,NA,NA,NA,NA,NA,NA,NA,NA,20170224,25,NA,NA,NA,NA,NA,0
427,NA,H.metallica,Garden,G-MET-01,12,3,HP,600,NA,NA,Garden,G-MET-02,5,4,NA,NA,NA,NA,NA,20170224,24,NA,NA,NA,NA,NA,1
428,NA,H.metallica,Garden,G-MET-01,12,6,HP,600,NA,NA,Garden,G-MET-02,5,4,NA,NA,NA,NA,NA,20170224,24,NA,NA,NA,NA,NA,0
439,NA,H.metallica,Garden,G-MET-01,9,3,HP,530,NA,NA,Garden,G-MET-02,5,4,NA,NA,NA,NA,NA,20170224,24.5,NA,NA,NA,NA,NA,0
462,NA,H.metallica,Garden,G-MET-01,2,1,HP,530,NA,NA,Garden,G-MET-02,5,4,NA,NA,NA,NA,NA,20170224,24.5,NA,NA,NA,NA,NA,0
246,NA,H.metallica,Garden,G-MET-01,14,2,OP,NA,NA,NA,NA,NA,NA,NA,NA,NA,NA,NA,NA,20170226,30.5,NA,NA,NA,NA,NA,0
380,NA,H.metallica,Garden,G-MET-01,12,4,OP,NA,NA,NA,NA,NA,NA,NA,NA,NA,NA,NA,NA,20170226,30.5,NA,NA,NA,NA,NA,0
741,NA,H.metallica,Garden,G-MET-01,19,2,OP,NA,NA,NA,NA,NA,NA,NA,NA,NA,NA,NA,NA,20170226,30.5,NA,NA,NA,NA,NA,1
356,NA,H.metallica,Garden,G-MET-01,5,1,HP,600,NA,NA,Garden,G-MET-02,5,3,NA,NA,NA,NA,NA,20170227,29,NA,NA,NA,NA,NA,0
357,NA,H.metallica,Garden,G-MET-01,5,3,HP,630,NA,NA,Garden,G-MET-02,5,3,NA,NA,NA,NA,NA,20170227,29,NA,NA,NA,NA,NA,0
358,NA,H.metallica,Garden,G-MET-01,22,2,HP,630,NA,NA,Garden,G-MET-02,5,3,NA,NA,NA,NA,NA,20170227,28.5,NA,NA,NA,NA,NA,0
418,NA,H.metallica,Garden,G-MET-01,10,1,HP,630,NA,NA,Garden,G-MET-02,5,3,NA,NA,NA,NA,NA,20170227,28.5,NA,NA,NA,NA,NA,0
635,NA,H.metallica,Garden,G-MET-01,16,1,OP,NA,NA,NA,NA,NA,NA,NA,NA,NA,NA,NA,NA,20170227,29,NA,NA,NA,NA,NA,2
410,NA,H.metallica,Garden,G-MET-01,4,4,HP,600,NA,NA,Garden,G-MET-02,6,1,NA,NA,NA,NA,NA,20170228,29.5,NA,NA,NA,NA,NA,1
548,NA,H.metallica,Garden,G-MET-01,10,4,HP,600,NA,NA,Garden,G-MET-02,6,1,NA,NA,NA,NA,NA,20170228,29.5,NA,NA,NA,NA,NA,0
489,NA,H.metallica,Garden,G-MET-02,6,2,HP,600,NA,NA,Garden,G-MET-01,99,99,NA,NA,NA,NA,NA,20170224,23.5,NA,NA,NA,NA,NA,1
335,NA,H.regalis,Pino_Colina,PC-REG-01,1,NA,OP,NA,NA,NA,NA,NA,NA,NA,NA,NA,NA,NA,NA,20170312,NA,NA,NA,NA,NA,NA,0
336,NA,H.regalis,Pino_Colina,PC-REG-01,1,NA,OP,NA,NA,NA,NA,NA,NA,NA,NA,NA,NA,NA,NA,20170312,NA,NA,NA,NA,NA,NA,0
337,NA,H.regalis,Pino_Colina,PC-REG-01,1,NA,OP,NA,NA,NA,NA,NA,NA,NA,NA,NA,NA,NA,NA,20170312,NA,NA,NA,NA,NA,NA,0
338,NA,H.regalis,Pino_Colina,PC-REG-01,1,NA,OP,NA,NA,NA,NA,NA,NA,NA,NA,NA,NA,NA,NA,20170312,NA,NA,NA,NA,NA,NA,0
339,NA,H.regalis,Pino_Colina,PC-REG-01,1,NA,OP,NA,NA,NA,NA,NA,NA,NA,NA,NA,NA,NA,NA,20170312,NA,NA,NA,NA,NA,NA,0
340,NA,H.regalis,Pino_Colina,PC-REG-01,1,NA,OP,NA,NA,NA,NA,NA,NA,NA,NA,NA,NA,NA,NA,20170312,NA,NA,NA,NA,NA,NA,0
341,NA,H.regalis,Pino_Colina,PC-REG-01,1,NA,OP,NA,NA,NA,NA,NA,NA,NA,NA,NA,NA,NA,NA,20170312,NA,NA,NA,NA,NA,NA,0
342,NA,H.regalis,Pino_Colina,PC-REG-01,1,NA,OP,NA,NA,NA,NA,NA,NA,NA,NA,NA,NA,NA,NA,20170312,NA,NA,NA,NA,NA,NA,0
348,NA,H.regalis,Pino_Colina,PC-REG-01,1,NA,OP,NA,NA,NA,NA,NA,NA,NA,NA,NA,NA,NA,NA,20170312,NA,NA,NA,NA,NA,NA,0
349,NA,H.regalis,Pino_Colina,PC-REG-01,1,NA,OP,NA,NA,NA,NA,NA,NA,NA,NA,NA,NA,NA,NA,20170312,NA,NA,NA,NA,NA,NA,0
619,NA,H.regalis,Pino_Colina,PC-REG-01,1,NA,OP,NA,NA,NA,NA,NA,NA,NA,NA,NA,NA,NA,NA,20170312,NA,NA,NA,NA,NA,NA,0
620,NA,H.regalis,Pino_Colina,PC-REG-01,1,NA,OP,NA,NA,NA,NA,NA,NA,NA,NA,NA,NA,NA,NA,20170312,NA,NA,NA,NA,NA,NA,0
621,NA,H.regalis,Pino_Colina,PC-REG-01,1,NA,OP,NA,NA,NA,NA,NA,NA,NA,NA,NA,NA,NA,NA,20170312,NA,NA,NA,NA,NA,NA,0
814,NA,H.regalis,Pino_Colina,PC-REG-01,1,NA,OP,NA,NA,NA,NA,NA,NA,NA,NA,NA,NA,NA,NA,20170312,NA,NA,NA,NA,NA,NA,0
815,NA,H.regalis,Pino_Colina,PC-REG-01,1,NA,OP,NA,NA,NA,NA,NA,NA,NA,NA,NA,NA,NA,NA,20170312,NA,NA,NA,NA,NA,NA,0
816,NA,H.regalis,Pino_Colina,PC-REG-01,1,NA,OP,NA,NA,NA,NA,NA,NA,NA,NA,NA,NA,NA,NA,20170312,NA,NA,NA,NA,NA,NA,0
817,NA,H.regalis,Pino_Colina,PC-REG-01,1,NA,OP,NA,NA,NA,NA,NA,NA,NA,NA,NA,NA,NA,NA,20170312,NA,NA,NA,NA,NA,NA,0
818,NA,H.regalis,Pino_Colina,PC-REG-01,1,NA,OP,NA,NA,NA,NA,NA,NA,NA,NA,NA,NA,NA,NA,20170312,NA,NA,NA,NA,NA,NA,0
347,NA,H.regalis,Pino_Colina,PC-REG-01,1,NA,OP,NA,NA,NA,NA,NA,NA,NA,NA,NA,NA,NA,NA,20170316,NA,NA,NA,NA,NA,NA,0
295,NA,H.regalis,Pino_Colina,PC-REG-01,1,16,HP,630,NA,NA,NA,NA,NA,NA,NA,NA,NA,NA,NA,20170317,NA,NA,NA,NA,NA,NA,0
298,NA,H.regalis,Pino_Colina,PC-REG-01,1,1,OP,NA,NA,NA,NA,NA,NA,NA,NA,NA,NA,NA,NA,20170317,NA,NA,NA,NA,NA,NA,0
796,NA,H.regalis,Pino_Colina,PC-REG-01,1,12,HP,630,NA,NA,NA,NA,NA,NA,NA,NA,NA,NA,NA,20170317,NA,NA,NA,NA,NA,NA,0
784,NA,H.regalis,Pino_Colina,PC-REG-02,2,NA,OP,NA,NA,NA,NA,NA,NA,NA,NA,NA,NA,NA,NA,20170312,NA,NA,NA,NA,NA,NA,0
785,NA,H.regalis,Pino_Colina,PC-REG-02,2,NA,OP,NA,NA,NA,NA,NA,NA,NA,NA,NA,NA,NA,NA,20170312,NA,NA,NA,NA,NA,NA,0
786,NA,H.regalis,Pino_Colina,PC-REG-02,2,NA,OP,NA,NA,NA,NA,NA,NA,NA,NA,NA,NA,NA,NA,20170312,NA,NA,NA,NA,NA,NA,0
787,NA,H.regalis,Pino_Colina,PC-REG-02,2,NA,OP,NA,NA,NA,NA,NA,NA,NA,NA,NA,NA,NA,NA,20170312,NA,NA,NA,NA,NA,NA,0
788,NA,H.regalis,Pino_Colina,PC-REG-02,2,NA,OP,NA,NA,NA,NA,NA,NA,NA,NA,NA,NA,NA,NA,20170312,NA,NA,NA,NA,NA,NA,0
789,NA,H.regalis,Pino_Colina,PC-REG-02,2,NA,OP,NA,NA,NA,NA,NA,NA,NA,NA,NA,NA,NA,NA,20170312,NA,NA,NA,NA,NA,NA,0
790,NA,H.regalis,Pino_Colina,PC-REG-02,2,NA,OP,NA,NA,NA,NA,NA,NA,NA,NA,NA,NA,NA,NA,20170312,NA,NA,NA,NA,NA,NA,0
791,NA,H.regalis,Pino_Colina,PC-REG-02,2,NA,OP,NA,NA,NA,NA,NA,NA,NA,NA,NA,NA,NA,NA,20170312,NA,NA,NA,NA,NA,NA,0
511,NA,H.regalis,Pino_Colina,PC-REG-02,2,17,HP,1000,NA,NA,NA,NA,NA,NA,NA,NA,NA,NA,NA,20170314,NA,NA,NA,NA,NA,NA,0
667,NA,H.regalis,Pino_Colina,PC-REG-02,2,16,HP,1000,NA,NA,NA,NA,NA,NA,NA,NA,NA,NA,NA,20170314,NA,NA,NA,NA,NA,NA,1
780,NA,H.regalis,Pino_Colina,PC-REG-02,2,NA,OP,NA,NA,NA,NA,NA,NA,NA,NA,NA,NA,NA,NA,20170314,NA,NA,NA,NA,NA,NA,0
509,NA,H.regalis,Pino_Colina,PC-REG-02,2,13,HP,930,NA,NA,NA,NA,NA,NA,NA,NA,NA,NA,NA,20170315,NA,NA,NA,NA,NA,NA,0
528,NA,H.regalis,Pino_Colina,PC-REG-02,2,3,OP,NA,NA,NA,NA,NA,NA,NA,NA,NA,NA,NA,NA,20170315,NA,NA,NA,NA,NA,NA,0
782,NA,H.regalis,Pino_Colina,PC-REG-02,2,NA,OP,NA,NA,NA,NA,NA,NA,NA,NA,NA,NA,NA,NA,20170315,NA,NA,NA,NA,NA,NA,0
510,NA,H.regalis,Pino_Colina,PC-REG-02,2,15,HP,1000,NA,NA,NA,NA,NA,NA,NA,NA,NA,NA,NA,20170316,NA,NA,NA,NA,NA,NA,0
614,NA,H.regalis,Pino_Colina,PC-REG-02,2,3,OP,NA,NA,NA,NA,NA,NA,NA,NA,NA,NA,NA,NA,20170316,NA,NA,NA,NA,NA,NA,0
665,NA,H.regalis,Pino_Colina,PC-REG-02,2,10,HP,1000,NA,NA,NA,NA,NA,NA,NA,NA,NA,NA,NA,20170316,NA,NA,NA,NA,NA,NA,0
666,NA,H.regalis,Pino_Colina,PC-REG-02,2,13,HP,1000,NA,NA,NA,NA,NA,NA,NA,NA,NA,NA,NA,20170316,NA,NA,NA,NA,NA,NA,0
715,NA,H.regalis,Pino_Colina,PC-REG-02,2,14,HP,1000,NA,NA,NA,NA,NA,NA,NA,NA,NA,NA,NA,20170316,NA,NA,NA,NA,NA,NA,0
777,NA,H.regalis,Pino_Colina,PC-REG-02,2,NA,OP,NA,NA,NA,NA,NA,NA,NA,NA,NA,NA,NA,NA,20170316,NA,NA,NA,NA,NA,NA,1
778,NA,H.regalis,Pino_Colina,PC-REG-02,2,NA,OP,NA,NA,NA,NA,NA,NA,NA,NA,NA,NA,NA,NA,20170316,NA,NA,NA,NA,NA,NA,0
779,NA,H.regalis,Pino_Colina,PC-REG-02,2,NA,OP,NA,NA,NA,NA,NA,NA,NA,NA,NA,NA,NA,NA,20170316,NA,NA,NA,NA,NA,NA,2
781,NA,H.regalis,Pino_Colina,PC-REG-02,2,NA,OP,NA,NA,NA,NA,NA,NA,NA,NA,NA,NA,NA,NA,20170316,NA,NA,NA,NA,NA,NA,0
783,NA,H.regalis,Pino_Colina,PC-REG-02,2,NA,OP,NA,NA,NA,NA,NA,NA,NA,NA,NA,NA,NA,NA,20170316,NA,NA,NA,NA,NA,NA,0
664,NA,H.regalis,Pino_Colina,PC-REG-02,2,6,HP,1000,NA,NA,NA,NA,NA,NA,NA,NA,NA,NA,NA,20170317,NA,NA,NA,NA,NA,NA,0
162,NA,H.rostrata,Garden,G-ROS-01,4,3,HP,630,NA,NA,Garden,G-ROS-02,16,1,NA,NA,NA,NA,NA,20170217,27.5,NA,NA,NA,NA,NA,0
183,NA,H.rostrata,Garden,G-ROS-01,1,5,HP,630,NA,NA,Garden,G-ROS-02,16,1,NA,NA,NA,NA,NA,20170217,27.5,NA,NA,NA,NA,NA,0
83,NA,H.rostrata,Garden,G-ROS-02,7,2,OP,NA,NA,NA,NA,NA,NA,NA,NA,NA,NA,NA,NA,20170214,NA,NA,NA,NA,NA,NA,0
88,NA,H.rostrata,Garden,G-ROS-02,9,2,OP,NA,NA,NA,NA,NA,NA,NA,NA,NA,NA,NA,NA,20170214,NA,NA,NA,NA,NA,NA,0
455,NA,H.rostrata,Garden,G-ROS-02,20,1,OP,NA,NA,NA,NA,NA,NA,NA,NA,NA,NA,NA,NA,20170214,NA,NA,NA,NA,NA,NA,0
456,NA,H.rostrata,Garden,G-ROS-02,20,2,OP,NA,NA,NA,NA,NA,NA,NA,NA,NA,NA,NA,NA,20170214,NA,NA,NA,NA,NA,NA,0
92,NA,H.rostrata,Garden,G-ROS-02,10,4,HP,530,NA,NA,Garden,G-ROS-02,5,7,NA,NA,NA,NA,NA,20170215,18.5,NA,NA,NA,NA,NA,0
100,NA,H.rostrata,Garden,G-ROS-02,20,7,HP,600,NA,NA,Garden,G-ROS-01,1,3,NA,NA,NA,NA,NA,20170215,27.5,NA,NA,NA,NA,NA,0
105,NA,H.rostrata,Garden,G-ROS-02,3,2,HP,530,NA,NA,Garden,G-ROS-02,5,7,NA,NA,NA,NA,NA,20170215,28,NA,NA,NA,NA,NA,0
110,NA,H.rostrata,Garden,G-ROS-02,7,3,OP,NA,NA,NA,NA,NA,NA,NA,NA,NA,NA,NA,NA,20170215,NA,NA,NA,NA,NA,NA,0
111,NA,H.rostrata,Garden,G-ROS-02,6,5,HP,530,NA,NA,Garden,G-ROS-02,5,7,NA,NA,NA,NA,NA,20170215,28,NA,NA,NA,NA,NA,0
122,NA,H.rostrata,Garden,G-ROS-02,4,1,OP,NA,NA,NA,NA,NA,NA,NA,NA,NA,NA,NA,NA,20170215,NA,NA,NA,NA,NA,NA,0
123,NA,H.rostrata,Garden,G-ROS-02,9,4,OP,NA,NA,NA,NA,NA,NA,NA,NA,NA,NA,NA,NA,20170215,NA,NA,NA,NA,NA,NA,2
124,NA,H.rostrata,Garden,G-ROS-02,1,5,OP,NA,NA,NA,NA,NA,NA,NA,NA,NA,NA,NA,NA,20170215,NA,NA,NA,NA,NA,NA,0
125,NA,H.rostrata,Garden,G-ROS-02,1,8,OP,NA,NA,NA,NA,NA,NA,NA,NA,NA,NA,NA,NA,20170215,NA,NA,NA,NA,NA,NA,1
126,NA,H.rostrata,Garden,G-ROS-02,1,10,OP,NA,NA,NA,NA,NA,NA,NA,NA,NA,NA,NA,NA,20170215,NA,NA,NA,NA,NA,NA,0
115,NA,H.rostrata,Garden,G-ROS-02,11,5,OP,NA,NA,NA,NA,NA,NA,NA,NA,NA,NA,NA,NA,20170216,NA,NA,NA,NA,NA,NA,0
116,NA,H.rostrata,Garden,G-ROS-02,11,6,OP,NA,NA,NA,NA,NA,NA,NA,NA,NA,NA,NA,NA,20170216,NA,NA,NA,NA,NA,NA,0
133,NA,H.rostrata,Garden,G-ROS-02,10,3,HP,730,NA,NA,Garden,G-ROS-01,1,1,NA,NA,NA,NA,NA,20170216,26.5,NA,NA,NA,NA,NA,0
160,NA,H.rostrata,Garden,G-ROS-02,6,1,HP,730,NA,NA,Garden,G-ROS-01,1,1,NA,NA,NA,NA,NA,20170216,26.5,NA,NA,NA,NA,NA,1
161,NA,H.rostrata,Garden,G-ROS-02,6,3,HP,730,NA,NA,Garden,G-ROS-01,1,1,NA,NA,NA,NA,NA,20170216,26.5,NA,NA,NA,NA,NA,0
188,NA,H.rostrata,Garden,G-ROS-02,15,5,OP,NA,NA,NA,NA,NA,NA,NA,NA,NA,NA,NA,NA,20170216,NA,NA,NA,NA,NA,NA,0
315,NA,H.rostrata,Garden,G-ROS-02,1,4,OP,NA,NA,NA,NA,NA,NA,NA,NA,NA,NA,NA,NA,20170216,NA,NA,NA,NA,NA,NA,1
316,NA,H.rostrata,Garden,G-ROS-02,1,9,OP,NA,NA,NA,NA,NA,NA,NA,NA,NA,NA,NA,NA,20170216,NA,NA,NA,NA,NA,NA,0
317,NA,H.rostrata,Garden,G-ROS-02,1,12,OP,NA,NA,NA,NA,NA,NA,NA,NA,NA,NA,NA,NA,20170216,NA,NA,NA,NA,NA,NA,1
324,NA,H.rostrata,Garden,G-ROS-02,9,5,OP,NA,NA,NA,NA,NA,NA,NA,NA,NA,NA,NA,NA,20170216,NA,NA,NA,NA,NA,NA,0
740,NA,H.rostrata,Garden,G-ROS-02,14,7,OP,NA,NA,NA,NA,NA,NA,NA,NA,NA,NA,NA,NA,20170216,NA,NA,NA,NA,NA,NA,1
129,NA,H.rostrata,Garden,G-ROS-02,15,2,HP,600,NA,NA,Garden,G-ROS-01,4,5,NA,NA,NA,NA,NA,20170217,28.5,NA,NA,NA,NA,NA,0
135,NA,H.rostrata,Garden,G-ROS-02,10,2,HP,600,NA,NA,Garden,G-ROS-01,4,5,NA,NA,NA,NA,NA,20170217,28.5,NA,NA,NA,NA,NA,0
136,NA,H.rostrata,Garden,G-ROS-02,10,8,HP,600,NA,NA,Garden,G-ROS-01,4,5,NA,NA,NA,NA,NA,20170217,28.5,NA,NA,NA,NA,NA,0
156,NA,H.rostrata,Garden,G-ROS-02,6,4,HP,530,NA,NA,Garden,G-ROS-01,4,2,NA,NA,NA,NA,NA,20170217,28.5,NA,NA,NA,NA,NA,0
157,NA,H.rostrata,Garden,G-ROS-02,8,2,HP,530,NA,NA,Garden,G-ROS-01,4,2,NA,NA,NA,NA,NA,20170217,28.5,NA,NA,NA,NA,NA,0
158,NA,H.rostrata,Garden,G-ROS-02,8,2,HP,530,NA,NA,Garden,G-ROS-01,4,2,NA,NA,NA,NA,NA,20170217,28.5,NA,NA,NA,NA,NA,0
159,NA,H.rostrata,Garden,G-ROS-02,21,1,HP,600,NA,NA,Garden,G-ROS-01,4,5,NA,NA,NA,NA,NA,20170217,24.5,NA,NA,NA,NA,NA,0
402,NA,H.rostrata,Garden,G-ROS-02,20,4,HP,600,NA,NA,Garden,G-ROS-01,4,5,NA,NA,NA,NA,NA,20170217,28.5,NA,NA,NA,NA,NA,0
437,NA,H.rostrata,Garden,G-ROS-02,9,1,HP,600,NA,NA,Garden,G-ROS-01,4,5,NA,NA,NA,NA,NA,20170217,28.5,NA,NA,NA,NA,NA,0
612,NA,H.rostrata,Garden,G-ROS-02,3,6,OP,NA,NA,NA,NA,NA,NA,NA,NA,NA,NA,NA,NA,20170307,NA,NA,NA,NA,NA,NA,1
709,NA,H.rostrata,Garden,G-ROS-02,19,1,OP,NA,NA,NA,NA,NA,NA,NA,NA,NA,NA,NA,NA,20170307,NA,NA,NA,NA,NA,NA,1
755,NA,H.rostrata,Garden,G-ROS-02,20,7,HP,1000,NA,NA,Pino_Colina,PC-ROS-03,4,NA,NA,NA,NA,NA,NA,20170307,24,NA,NA,NA,NA,NA,1
772,NA,H.rostrata,Garden,G-ROS-02,2,2,HP,1000,NA,NA,Pino_Colina,PC-ROS-03,4,NA,NA,NA,NA,NA,NA,20170307,33.5,NA,NA,NA,NA,NA,1
605,NA,H.rostrata,Garden,G-ROS-02,10,7,OP,NA,NA,NA,NA,NA,NA,NA,NA,NA,NA,NA,NA,20170308,NA,NA,NA,NA,NA,NA,1
673,NA,H.rostrata,Garden,G-ROS-02,12,3,OP,NA,NA,NA,NA,NA,NA,NA,NA,NA,NA,NA,NA,20170308,NA,NA,NA,NA,NA,NA,0
674,NA,H.rostrata,Garden,G-ROS-02,12,5,OP,NA,NA,NA,NA,NA,NA,NA,NA,NA,NA,NA,NA,20170308,NA,NA,NA,NA,NA,NA,1
345,NA,H.rostrata,Garden,G-ROS-02,12,5,OP,NA,NA,NA,NA,NA,NA,NA,NA,NA,NA,NA,NA,20170317,NA,NA,NA,NA,NA,NA,1
346,NA,H.rostrata,Garden,G-ROS-02,12,7,OP,NA,NA,NA,NA,NA,NA,NA,NA,NA,NA,NA,NA,20170317,NA,NA,NA,NA,NA,NA,1
352,NA,H.rostrata,Garden,G-ROS-02,1,13,HP,800,NA,NA,Pino_Colina,PC-ROS-01,1,19,NA,NA,NA,NA,NA,20170317,23,NA,NA,NA,NA,NA,0
797,NA,H.rostrata,Garden,G-ROS-02,3,2,OP,NA,NA,NA,NA,NA,NA,NA,NA,NA,NA,NA,NA,20170317,NA,NA,NA,NA,NA,NA,0
798,NA,H.rostrata,Garden,G-ROS-02,3,7,OP,NA,NA,NA,NA,NA,NA,NA,NA,NA,NA,NA,NA,20170317,NA,NA,NA,NA,NA,NA,1
799,NA,H.rostrata,Garden,G-ROS-02,3,NA,OP,NA,NA,NA,NA,NA,NA,NA,NA,NA,NA,NA,NA,20170317,NA,NA,NA,NA,NA,NA,1
166,NA,H.rostrata,Pino_Colina,PC-ROS-01,1,NA,OP,NA,NA,NA,NA,NA,NA,NA,NA,NA,NA,NA,NA,20170220,NA,NA,NA,NA,NA,NA,1
167,NA,H.rostrata,Pino_Colina,PC-ROS-01,1,NA,OP,NA,NA,NA,NA,NA,NA,NA,NA,NA,NA,NA,NA,20170220,NA,NA,NA,NA,NA,NA,1
168,NA,H.rostrata,Pino_Colina,PC-ROS-01,1,NA,OP,NA,NA,NA,NA,NA,NA,NA,NA,NA,NA,NA,NA,20170220,NA,NA,NA,NA,NA,NA,1
169,NA,H.rostrata,Pino_Colina,PC-ROS-01,1,NA,OP,NA,NA,NA,NA,NA,NA,NA,NA,NA,NA,NA,NA,20170220,NA,NA,NA,NA,NA,NA,1
179,NA,H.rostrata,Pino_Colina,PC-ROS-01,1,8,HP,730,NA,NA,Garden,G-ROS-02,1,1,NA,NA,NA,NA,NA,20170221,16.5,NA,NA,NA,NA,NA,0
202,NA,H.rostrata,Pino_Colina,PC-ROS-01,2,8,HP,800,NA,NA,Garden,G-ROS-02,1,1,NA,NA,NA,NA,NA,20170221,16,NA,NA,NA,NA,NA,0
203,NA,H.rostrata,Pino_Colina,PC-ROS-01,2,17,HP,730,NA,NA,Garden,G-ROS-02,1,1,NA,NA,NA,NA,NA,20170221,16.5,NA,NA,NA,NA,NA,0
206,NA,H.rostrata,Pino_Colina,PC-ROS-01,3,3,OP,NA,NA,NA,NA,NA,NA,NA,NA,NA,NA,NA,NA,20170221,NA,NA,NA,NA,NA,NA,1
207,NA,H.rostrata,Pino_Colina,PC-ROS-01,3,10,OP,NA,NA,NA,NA,NA,NA,NA,NA,NA,NA,NA,NA,20170221,NA,NA,NA,NA,NA,NA,1
208,NA,H.rostrata,Pino_Colina,PC-ROS-01,3,13,OP,NA,NA,NA,NA,NA,NA,NA,NA,NA,NA,NA,NA,20170221,NA,NA,NA,NA,NA,NA,0
209,NA,H.rostrata,Pino_Colina,PC-ROS-01,3,16,OP,NA,NA,NA,NA,NA,NA,NA,NA,NA,NA,NA,NA,20170221,NA,NA,NA,NA,NA,NA,0
217,NA,H.rostrata,Pino_Colina,PC-ROS-01,1,10,HP,700,NA,NA,Garden,G-ROS-02,13,NA,NA,NA,NA,NA,NA,20170222,26,NA,NA,NA,NA,NA,0
218,NA,H.rostrata,Pino_Colina,PC-ROS-01,1,11,HP,700,NA,NA,Garden,G-ROS-02,13,NA,NA,NA,NA,NA,NA,20170222,26,NA,NA,NA,NA,NA,0
384,NA,H.rostrata,Pino_Colina,PC-ROS-01,2,7,HP,700,NA,NA,Garden,G-ROS-02,13,NA,NA,NA,NA,NA,NA,20170222,26,NA,NA,NA,NA,NA,0
385,NA,H.rostrata,Pino_Colina,PC-ROS-01,2,12,HP,700,NA,NA,Garden,G-ROS-02,13,NA,NA,NA,NA,NA,NA,20170222,26,NA,NA,NA,NA,NA,0
386,NA,H.rostrata,Pino_Colina,PC-ROS-01,2,18,HP,730,NA,NA,Garden,G-ROS-02,13,NA,NA,NA,NA,NA,NA,20170222,25.5,NA,NA,NA,NA,NA,0
398,NA,H.rostrata,Pino_Colina,PC-ROS-01,3,14,HP,700,NA,NA,Garden,G-ROS-02,13,NA,NA,NA,NA,NA,NA,20170222,26,NA,NA,NA,NA,NA,0
249,NA,H.rostrata,Pino_Colina,PC-ROS-01,3,NA,OP,NA,NA,NA,NA,NA,NA,NA,NA,NA,NA,NA,NA,20170225,NA,NA,NA,NA,NA,NA,0
250,NA,H.rostrata,Pino_Colina,PC-ROS-01,3,NA,OP,NA,NA,NA,NA,NA,NA,NA,NA,NA,NA,NA,NA,20170225,NA,NA,NA,NA,NA,NA,0
251,NA,H.rostrata,Pino_Colina,PC-ROS-01,3,NA,OP,NA,NA,NA,NA,NA,NA,NA,NA,NA,NA,NA,NA,20170225,NA,NA,NA,NA,NA,NA,0
366,NA,H.rostrata,Pino_Colina,PC-ROS-01,2,NA,OP,NA,NA,NA,NA,NA,NA,NA,NA,NA,NA,NA,NA,20170225,NA,NA,NA,NA,NA,NA,0
367,NA,H.rostrata,Pino_Colina,PC-ROS-01,2,NA,OP,NA,NA,NA,NA,NA,NA,NA,NA,NA,NA,NA,NA,20170225,NA,NA,NA,NA,NA,NA,0
368,NA,H.rostrata,Pino_Colina,PC-ROS-01,2,NA,OP,NA,NA,NA,NA,NA,NA,NA,NA,NA,NA,NA,NA,20170225,NA,NA,NA,NA,NA,NA,0
460,NA,H.rostrata,Pino_Colina,PC-ROS-01,1,NA,OP,NA,NA,NA,NA,NA,NA,NA,NA,NA,NA,NA,NA,20170225,NA,NA,NA,NA,NA,NA,0
461,NA,H.rostrata,Pino_Colina,PC-ROS-01,1,NA,OP,NA,NA,NA,NA,NA,NA,NA,NA,NA,NA,NA,NA,20170225,NA,NA,NA,NA,NA,NA,0
722,NA,H.rostrata,Pino_Colina,PC-ROS-01,3,19,HP,800,NA,NA,Garden,G-ROS-01,1,NA,NA,NA,NA,NA,NA,20170307,24.5,NA,NA,NA,NA,NA,0
618,NA,H.rostrata,Pino_Colina,PC-ROS-01,3,6,OP,NA,NA,NA,NA,NA,NA,NA,NA,NA,NA,NA,NA,20170314,NA,NA,NA,NA,NA,NA,1
762,NA,H.rostrata,Pino_Colina,PC-ROS-01,2,22,HP,730,NA,NA,Garden,G-ROS-02,2,NA,NA,NA,NA,NA,NA,20170314,26,NA,NA,NA,NA,NA,0
143,NA,H.rostrata,Pino_Colina,PC-ROS-02,1,NA,OP,NA,NA,NA,NA,NA,NA,NA,NA,NA,NA,NA,NA,20170220,NA,NA,NA,NA,NA,NA,3
144,NA,H.rostrata,Pino_Colina,PC-ROS-02,1,NA,OP,NA,NA,NA,NA,NA,NA,NA,NA,NA,NA,NA,NA,20170220,NA,NA,NA,NA,NA,NA,3
145,NA,H.rostrata,Pino_Colina,PC-ROS-02,1,NA,OP,NA,NA,NA,NA,NA,NA,NA,NA,NA,NA,NA,NA,20170220,NA,NA,NA,NA,NA,NA,2
146,NA,H.rostrata,Pino_Colina,PC-ROS-02,1,NA,OP,NA,NA,NA,NA,NA,NA,NA,NA,NA,NA,NA,NA,20170220,NA,NA,NA,NA,NA,NA,0
147,NA,H.rostrata,Pino_Colina,PC-ROS-02,1,NA,OP,NA,NA,NA,NA,NA,NA,NA,NA,NA,NA,NA,NA,20170220,NA,NA,NA,NA,NA,NA,2
148,NA,H.rostrata,Pino_Colina,PC-ROS-02,1,NA,OP,NA,NA,NA,NA,NA,NA,NA,NA,NA,NA,NA,NA,20170220,NA,NA,NA,NA,NA,NA,0
163,NA,H.rostrata,Pino_Colina,PC-ROS-02,2,NA,OP,NA,NA,NA,NA,NA,NA,NA,NA,NA,NA,NA,NA,20170220,NA,NA,NA,NA,NA,NA,0
164,NA,H.rostrata,Pino_Colina,PC-ROS-02,2,NA,OP,NA,NA,NA,NA,NA,NA,NA,NA,NA,NA,NA,NA,20170220,NA,NA,NA,NA,NA,NA,0
198,NA,H.rostrata,Pino_Colina,PC-ROS-02,1,4,HP,730,NA,NA,Garden,G-ROS-02,1,1,NA,NA,NA,NA,NA,20170221,16.5,NA,NA,NA,NA,NA,0
199,NA,H.rostrata,Pino_Colina,PC-ROS-02,1,5,HP,700,NA,NA,Garden,G-ROS-02,1,1,NA,NA,NA,NA,NA,20170221,17,NA,NA,NA,NA,NA,0
277,NA,H.rostrata,Pino_Colina,PC-ROS-02,3,7,OP,NA,NA,NA,NA,NA,NA,NA,NA,NA,NA,NA,NA,20170307,NA,NA,NA,NA,NA,NA,3
278,NA,H.rostrata,Pino_Colina,PC-ROS-02,3,11,OP,NA,NA,NA,NA,NA,NA,NA,NA,NA,NA,NA,NA,20170307,NA,NA,NA,NA,NA,NA,2
279,NA,H.rostrata,Pino_Colina,PC-ROS-02,2,1,OP,NA,NA,NA,NA,NA,NA,NA,NA,NA,NA,NA,NA,20170307,NA,NA,NA,NA,NA,NA,1
280,NA,H.rostrata,Pino_Colina,PC-ROS-02,2,16,OP,NA,NA,NA,NA,NA,NA,NA,NA,NA,NA,NA,NA,20170307,NA,NA,NA,NA,NA,NA,0
662,NA,H.rostrata,Pino_Colina,PC-ROS-02,1,9,HP,730,NA,NA,Garden,G-ROS-02,2,NA,NA,NA,NA,NA,NA,20170308,25.5,NA,NA,NA,NA,NA,0
310,NA,H.rostrata,Pino_Colina,PC-ROS-02,1,13,OP,NA,NA,NA,NA,NA,NA,NA,NA,NA,NA,NA,NA,20170314,NA,NA,NA,NA,NA,NA,0
483,NA,H.rostrata,Pino_Colina,PC-ROS-03,3,7,OP,NA,NA,NA,NA,NA,NA,NA,NA,NA,NA,NA,NA,20170221,NA,NA,NA,NA,NA,NA,2
325,NA,H.rostrata,Pino_Colina,PC-ROS-03,2,5,HP,730,NA,NA,Pino_Colina,PC-ROS-04,1,NA,NA,NA,NA,NA,NA,20170222,25.5,NA,NA,NA,NA,NA,0
329,NA,H.rostrata,Pino_Colina,PC-ROS-03,5,5,HP,730,NA,NA,Pino_Colina,PC-ROS-04,1,NA,NA,NA,NA,NA,NA,20170222,25.5,NA,NA,NA,NA,NA,0
330,NA,H.rostrata,Pino_Colina,PC-ROS-03,5,8,HP,730,NA,NA,Pino_Colina,PC-ROS-04,1,NA,NA,NA,NA,NA,NA,20170222,25.5,NA,NA,NA,NA,NA,0
331,NA,H.rostrata,Pino_Colina,PC-ROS-03,5,9,HP,730,NA,NA,Pino_Colina,PC-ROS-04,1,NA,NA,NA,NA,NA,NA,20170222,25.5,NA,NA,NA,NA,NA,0
390,NA,H.rostrata,Pino_Colina,PC-ROS-03,3,5,OP,NA,NA,NA,NA,NA,NA,NA,NA,NA,NA,NA,NA,20170225,NA,NA,NA,NA,NA,NA,0
748,NA,H.rostrata,Pino_Colina,PC-ROS-03,5,15,HP,800,NA,NA,Garden,G-ROS-02,2,NA,NA,NA,NA,NA,NA,20170314,25.5,NA,NA,NA,NA,chewed by bees,0
807,NA,H.rostrata,Pino_Colina,PC-ROS-04,1,13,HP,700,NA,NA,Garden,G-ROS-02,2,NA,NA,NA,NA,NA,NA,20170314,27,NA,NA,NA,NA,NA,0
286,NA,H.rostrata,Pino_Colina,PC-ROS-05,2,4,OP,NA,NA,NA,NA,NA,NA,NA,NA,NA,NA,NA,NA,20170307,NA,NA,NA,NA,NA,saw GRHE visit ~8:15,0
287,NA,H.rostrata,Pino_Colina,PC-ROS-05,2,1,OP,NA,NA,NA,NA,NA,NA,NA,NA,NA,NA,NA,NA,20170307,NA,NA,NA,NA,NA,saw GRHE visit ~8:15,2
79,NA,H.tortuosa,Garden,G-TOR-01,2,2,OP,NA,NA,NA,NA,NA,NA,NA,NA,NA,NA,NA,NA,20170216,NA,NA,NA,NA,NA,NA,0
173,NA,H.tortuosa,Garden,G-TOR-01,12,1,OP,NA,NA,NA,NA,NA,NA,NA,NA,NA,NA,NA,NA,20170216,NA,NA,NA,NA,NA,NA,0
174,NA,H.tortuosa,Garden,G-TOR-01,12,3,OP,NA,NA,NA,NA,NA,NA,NA,NA,NA,NA,NA,NA,20170216,NA,NA,NA,NA,NA,NA,0
175,NA,H.tortuosa,Garden,G-TOR-01,12,7,OP,NA,NA,NA,NA,NA,NA,NA,NA,NA,NA,NA,NA,20170216,NA,NA,NA,NA,NA,NA,0
178,NA,H.tortuosa,Garden,G-TOR-01,7,2,OP,NA,NA,NA,NA,NA,NA,NA,NA,NA,NA,NA,NA,20170216,NA,NA,NA,NA,NA,NA,0
449,NA,H.tortuosa,Garden,G-TOR-01,13,2,OP,NA,NA,NA,NA,NA,NA,NA,NA,NA,NA,NA,NA,20170216,NA,NA,NA,NA,NA,NA,0
450,NA,H.tortuosa,Garden,G-TOR-01,13,3,OP,NA,NA,NA,NA,NA,NA,NA,NA,NA,NA,NA,NA,20170216,NA,NA,NA,NA,NA,NA,2
451,NA,H.tortuosa,Garden,G-TOR-01,13,8,OP,NA,NA,NA,NA,NA,NA,NA,NA,NA,NA,NA,NA,20170216,NA,NA,NA,NA,NA,NA,2
649,NA,H.tortuosa,Garden,G-TOR-01,15,2,OP,NA,NA,NA,NA,NA,NA,NA,NA,NA,NA,NA,NA,20170216,NA,NA,NA,NA,NA,NA,0
176,NA,H.tortuosa,Garden,G-TOR-01,3,3,HP,600,NA,NA,Garden,G-TOR-02,3,1,NA,NA,NA,NA,NA,20170218,32,NA,NA,NA,NA,NA,0
177,NA,H.tortuosa,Garden,G-TOR-01,3,8,HP,630,NA,NA,Garden,G-TOR-02,3,1,NA,NA,NA,NA,NA,20170218,32,NA,NA,NA,NA,NA,0
597,NA,H.tortuosa,Garden,G-TOR-01,13,3,OP,NA,NA,NA,NA,NA,NA,NA,NA,NA,NA,NA,NA,20170218,NA,NA,NA,NA,NA,NA,0
327,NA,H.tortuosa,Garden,G-TOR-01,16,4,OP,NA,NA,NA,NA,NA,NA,NA,NA,NA,NA,NA,NA,20170220,NA,NA,NA,NA,NA,NA,0
423,NA,H.tortuosa,Garden,G-TOR-01,5,7,HP,530,NA,NA,Garden,G-TOR-02,15,7,NA,NA,NA,NA,NA,20170220,NA,NA,NA,NA,NA,NA,0
476,NA,H.tortuosa,Garden,G-TOR-01,2,1,HP,530,NA,NA,Garden,G-TOR-02,15,7,NA,NA,NA,NA,NA,20170220,NA,NA,NA,NA,NA,NA,0
725,NA,H.tortuosa,Garden,G-TOR-01,13,3,HP,600,NA,NA,Garden,G-TOR-02,15,7,NA,NA,NA,NA,NA,20170220,NA,NA,NA,NA,NA,NA,0
726,NA,H.tortuosa,Garden,G-TOR-01,13,4,HP,600,NA,NA,Garden,G-TOR-02,15,7,NA,NA,NA,NA,NA,20170220,NA,NA,NA,NA,NA,flower eaten by insects,0
200,NA,H.tortuosa,Garden,G-TOR-01,12,3,OP,NA,NA,NA,NA,NA,NA,NA,NA,NA,NA,NA,NA,20170223,NA,NA,NA,NA,NA,NA,3
213,NA,H.tortuosa,Garden,G-TOR-01,3,3,OP,NA,NA,NA,NA,NA,NA,NA,NA,NA,NA,NA,NA,20170223,NA,NA,NA,NA,NA,NA,0
214,NA,H.tortuosa,Garden,G-TOR-01,3,5,OP,NA,NA,NA,NA,NA,NA,NA,NA,NA,NA,NA,NA,20170223,NA,NA,NA,NA,NA,NA,0
215,NA,H.tortuosa,Garden,G-TOR-01,3,7,OP,NA,NA,NA,NA,NA,NA,NA,NA,NA,NA,NA,NA,20170223,NA,NA,NA,NA,NA,NA,1
271,NA,H.tortuosa,Garden,G-TOR-01,1,5,OP,NA,NA,NA,NA,NA,NA,NA,NA,NA,NA,NA,NA,20170223,NA,NA,NA,NA,NA,NA,0
383,NA,H.tortuosa,Garden,G-TOR-01,14,2,OP,NA,NA,NA,NA,NA,NA,NA,NA,NA,NA,NA,NA,20170223,NA,NA,NA,NA,NA,pierced higher on corrolla than normal,0
399,NA,H.tortuosa,Garden,G-TOR-01,2,2,OP,NA,NA,NA,NA,NA,NA,NA,NA,NA,NA,NA,NA,20170223,NA,NA,NA,NA,NA,NA,0
415,NA,H.tortuosa,Garden,G-TOR-01,9,7,OP,NA,NA,NA,NA,NA,NA,NA,NA,NA,NA,NA,NA,20170223,NA,NA,NA,NA,NA,NA,0
436,NA,H.tortuosa,Garden,G-TOR-01,17,1,OP,NA,NA,NA,NA,NA,NA,NA,NA,NA,NA,NA,NA,20170223,NA,NA,NA,NA,NA,NA,0
438,NA,H.tortuosa,Garden,G-TOR-01,12,2,OP,NA,NA,NA,NA,NA,NA,NA,NA,NA,NA,NA,NA,20170223,NA,NA,NA,NA,NA,NA,0
485,NA,H.tortuosa,Garden,G-TOR-01,5,4,OP,NA,NA,NA,NA,NA,NA,NA,NA,NA,NA,NA,NA,20170223,NA,NA,NA,NA,NA,NA,0
486,NA,H.tortuosa,Garden,G-TOR-01,5,5,OP,NA,NA,NA,NA,NA,NA,NA,NA,NA,NA,NA,NA,20170223,NA,NA,NA,NA,NA,NA,0
234,NA,H.tortuosa,Garden,G-TOR-01,12,5,OP,NA,NA,NA,NA,NA,NA,NA,NA,NA,NA,NA,NA,20170303,NA,NA,NA,NA,NA,NA,0
272,NA,H.tortuosa,Garden,G-TOR-01,17,2,OP,NA,NA,NA,NA,NA,NA,NA,NA,NA,NA,NA,NA,20170303,NA,NA,NA,NA,NA,NA,0
256,NA,H.tortuosa,Garden,G-TOR-01,9,1,HP,600,NA,NA,Garden,G-TOR-02,6,5,NA,NA,NA,NA,NA,20170304,33.5,NA,NA,NA,NA,NA,1
257,NA,H.tortuosa,Garden,G-TOR-01,9,7,HP,600,NA,NA,Garden,G-TOR-02,6,5,NA,NA,NA,NA,NA,20170304,33.5,NA,NA,NA,NA,NA,0
265,NA,H.tortuosa,Garden,G-TOR-01,11,1,OP,NA,NA,NA,NA,NA,NA,NA,NA,NA,NA,NA,NA,20170305,NA,NA,NA,NA,NA,NA,0
266,NA,H.tortuosa,Garden,G-TOR-01,11,5,OP,NA,NA,NA,NA,NA,NA,NA,NA,NA,NA,NA,NA,20170305,NA,NA,NA,NA,NA,NA,0
264,NA,H.tortuosa,Garden,G-TOR-01,1,2,OP,NA,NA,NA,NA,NA,NA,NA,NA,NA,NA,NA,NA,20170306,NA,NA,NA,NA,NA,NA,0
276,NA,H.tortuosa,Garden,G-TOR-01,11,6,HP,600,NA,NA,Garden,G-TOR-02,17,1,NA,NA,NA,NA,NA,20170306,33,NA,NA,NA,NA,NA,0
282,NA,H.tortuosa,Garden,G-TOR-01,1,3,OP,NA,NA,NA,NA,NA,NA,NA,NA,NA,NA,NA,NA,20170306,NA,NA,NA,NA,NA,NA,0
290,NA,H.tortuosa,Garden,G-TOR-01,11,2,HP,600,NA,NA,Garden,G-TOR-02,17,1,NA,NA,NA,NA,NA,20170306,33,NA,NA,NA,NA,NA,0
643,NA,H.tortuosa,Garden,G-TOR-01,17,2,OP,NA,NA,NA,NA,NA,NA,NA,NA,NA,NA,NA,NA,20170306,NA,NA,NA,NA,NA,NA,0
542,NA,H.tortuosa,Garden,G-TOR-01,5,1,HP,700,NA,NA,Garden,G-TOR-02,23,2,NA,NA,NA,NA,NA,20170313,32,NA,NA,NA,NA,NA,0
309,NA,H.tortuosa,Garden,G-TOR-01,7,NA,OP,NA,NA,NA,NA,NA,NA,NA,NA,NA,NA,NA,NA,20170317,NA,NA,NA,NA,NA,NA,1
763,NA,H.tortuosa,Garden,G-TOR-01,12,NA,OP,NA,NA,NA,NA,NA,NA,NA,NA,NA,NA,NA,NA,20170317,NA,NA,NA,NA,NA,NA,1
792,NA,H.tortuosa,Garden,G-TOR-01,7,NA,OP,NA,NA,NA,NA,NA,NA,NA,NA,NA,NA,NA,NA,20170317,NA,NA,NA,NA,NA,NA,1
793,NA,H.tortuosa,Garden,G-TOR-01,7,NA,OP,NA,NA,NA,NA,NA,NA,NA,NA,NA,NA,NA,NA,20170317,NA,NA,NA,NA,NA,NA,0
819,NA,H.tortuosa,Garden,G-TOR-01,17,NA,OP,NA,NA,NA,NA,NA,NA,NA,NA,NA,NA,NA,NA,20170317,NA,NA,NA,NA,NA,NA,0
820,NA,H.tortuosa,Garden,G-TOR-01,17,NA,OP,NA,NA,NA,NA,NA,NA,NA,NA,NA,NA,NA,NA,20170317,NA,NA,NA,NA,NA,NA,0
821,NA,H.tortuosa,Garden,G-TOR-01,17,NA,OP,NA,NA,NA,NA,NA,NA,NA,NA,NA,NA,NA,NA,20170317,NA,NA,NA,NA,NA,NA,1
822,NA,H.tortuosa,Garden,G-TOR-01,17,NA,OP,NA,NA,NA,NA,NA,NA,NA,NA,NA,NA,NA,NA,20170317,NA,NA,NA,NA,NA,NA,0
531,NA,H.tortuosa,Garden,G-TOR-01,11,1,OP,NA,NA,NA,NA,NA,NA,NA,NA,NA,NA,NA,NA,20170321,NA,NA,NA,NA,NA,post tape 1,0
532,NA,H.tortuosa,Garden,G-TOR-01,11,5,OP,NA,NA,NA,NA,NA,NA,NA,NA,NA,NA,NA,NA,20170321,NA,NA,NA,NA,NA,post tape 1,0
538,NA,H.tortuosa,Garden,G-TOR-01,11,7,OP,NA,NA,NA,NA,NA,NA,NA,NA,NA,NA,NA,NA,20170321,NA,NA,NA,NA,NA,post tape 1,0
556,NA,H.tortuosa,Garden,G-TOR-01,17,1,OP,NA,NA,NA,NA,NA,NA,NA,NA,NA,NA,NA,NA,20170321,NA,NA,NA,NA,NA,post tape 1,1
557,NA,H.tortuosa,Garden,G-TOR-01,17,6,OP,NA,NA,NA,NA,NA,NA,NA,NA,NA,NA,NA,NA,20170321,NA,NA,NA,NA,NA,post tape 1,2
561,NA,H.tortuosa,Garden,G-TOR-01,17,5,OP,NA,NA,NA,NA,NA,NA,NA,NA,NA,NA,NA,NA,20170321,NA,NA,NA,NA,NA,post tape 1,0
675,NA,H.tortuosa,Garden,G-TOR-01,2,1,OP,NA,NA,NA,NA,NA,NA,NA,NA,NA,NA,NA,NA,20170321,NA,NA,NA,NA,NA,post tape 1,0
676,NA,H.tortuosa,Garden,G-TOR-01,2,2,OP,NA,NA,NA,NA,NA,NA,NA,NA,NA,NA,NA,NA,20170321,NA,NA,NA,NA,NA,post tape 1,0
677,NA,H.tortuosa,Garden,G-TOR-01,2,5,OP,NA,NA,NA,NA,NA,NA,NA,NA,NA,NA,NA,NA,20170321,NA,NA,NA,NA,NA,post tape 1,0
77,NA,H.tortuosa,Garden,G-TOR-02,8,2,OP,NA,NA,NA,NA,NA,NA,NA,NA,NA,NA,NA,NA,20170216,NA,NA,NA,NA,NA,NA,0
78,NA,H.tortuosa,Garden,G-TOR-02,9,5,OP,NA,NA,NA,NA,NA,NA,NA,NA,NA,NA,NA,NA,20170216,NA,NA,NA,NA,NA,NA,0
181,NA,H.tortuosa,Garden,G-TOR-02,18,6,OP,NA,NA,NA,NA,NA,NA,NA,NA,NA,NA,NA,NA,20170216,NA,NA,NA,NA,NA,NA,1
182,NA,H.tortuosa,Garden,G-TOR-02,18,7,OP,NA,NA,NA,NA,NA,NA,NA,NA,NA,NA,NA,NA,20170216,NA,NA,NA,NA,NA,NA,0
189,NA,H.tortuosa,Garden,G-TOR-02,16,2,HP,600,NA,NA,Garden,G-TOR-01,14,1,NA,NA,NA,NA,NA,20170216,26.5,NA,NA,NA,NA,NA,0
223,NA,H.tortuosa,Garden,G-TOR-02,20,4,OP,NA,NA,NA,NA,NA,NA,NA,NA,NA,NA,NA,NA,20170216,NA,NA,NA,NA,NA,NA,0
224,NA,H.tortuosa,Garden,G-TOR-02,4,3,OP,NA,NA,NA,NA,NA,NA,NA,NA,NA,NA,NA,NA,20170216,NA,NA,NA,NA,NA,NA,0
225,NA,H.tortuosa,Garden,G-TOR-02,4,2,OP,NA,NA,NA,NA,NA,NA,NA,NA,NA,NA,NA,NA,20170216,NA,NA,NA,NA,NA,NA,0
231,NA,H.tortuosa,Garden,G-TOR-02,15,6,HP,600,NA,NA,Garden,G-TOR-01,14,1,NA,NA,NA,NA,NA,20170216,26.5,NA,NA,NA,NA,NA,0
323,NA,H.tortuosa,Garden,G-TOR-02,1,1,OP,NA,NA,NA,NA,NA,NA,NA,NA,NA,NA,NA,NA,20170216,NA,NA,NA,NA,NA,NA,0
353,NA,H.tortuosa,Garden,G-TOR-02,14,2,OP,NA,NA,NA,NA,NA,NA,NA,NA,NA,NA,NA,NA,20170216,NA,NA,NA,NA,NA,NA,0
354,NA,H.tortuosa,Garden,G-TOR-02,14,3,OP,NA,NA,NA,NA,NA,NA,NA,NA,NA,NA,NA,NA,20170216,NA,NA,NA,NA,NA,NA,0
355,NA,H.tortuosa,Garden,G-TOR-02,14,4,OP,NA,NA,NA,NA,NA,NA,NA,NA,NA,NA,NA,NA,20170216,NA,NA,NA,NA,NA,NA,0
369,NA,H.tortuosa,Garden,G-TOR-02,6,1,OP,NA,NA,NA,NA,NA,NA,NA,NA,NA,NA,NA,NA,20170216,NA,NA,NA,NA,NA,NA,0
457,NA,H.tortuosa,Garden,G-TOR-02,2,6,HP,600,NA,NA,Garden,G-TOR-01,14,1,NA,NA,NA,NA,NA,20170216,26.5,NA,NA,NA,NA,NA,1
733,NA,H.tortuosa,Garden,G-TOR-02,12,7,OP,NA,NA,NA,NA,NA,NA,NA,NA,NA,NA,NA,NA,20170216,NA,NA,NA,NA,NA,NA,0
153,NA,H.tortuosa,Garden,G-TOR-02,13,2,HP,600,NA,NA,Garden,G-TOR-01,12,1,NA,NA,NA,NA,NA,20170220,27.5,NA,NA,NA,NA,NA,0
154,NA,H.tortuosa,Garden,G-TOR-02,13,3,HP,600,NA,NA,Garden,G-TOR-01,12,1,NA,NA,NA,NA,NA,20170220,27.5,NA,NA,NA,NA,NA,0
155,NA,H.tortuosa,Garden,G-TOR-02,13,6,HP,600,NA,NA,Garden,G-TOR-01,12,1,NA,NA,NA,NA,NA,20170220,27.5,NA,NA,NA,NA,NA,0
190,NA,H.tortuosa,Garden,G-TOR-02,11,6,OP,NA,NA,NA,NA,NA,NA,NA,NA,NA,NA,NA,NA,20170220,NA,NA,NA,NA,NA,NA,0
232,NA,H.tortuosa,Garden,G-TOR-02,17,1,HP,630,NA,NA,Garden,G-TOR-01,12,1,NA,NA,NA,NA,NA,20170220,27.5,NA,NA,NA,NA,NA,0
233,NA,H.tortuosa,Garden,G-TOR-02,17,2,HP,630,NA,NA,Garden,G-TOR-01,12,1,NA,NA,NA,NA,NA,20170220,27.5,NA,NA,NA,NA,NA,0
326,NA,H.tortuosa,Garden,G-TOR-02,18,6,OP,NA,NA,NA,NA,NA,NA,NA,NA,NA,NA,NA,NA,20170220,NA,NA,NA,NA,NA,NA,2
387,NA,H.tortuosa,Garden,G-TOR-02,3,5,OP,NA,NA,NA,NA,NA,NA,NA,NA,NA,NA,NA,NA,20170220,NA,NA,NA,NA,NA,NA,2
389,NA,H.tortuosa,Garden,G-TOR-02,6,2,OP,NA,NA,NA,NA,NA,NA,NA,NA,NA,NA,NA,NA,20170220,NA,NA,NA,NA,NA,NA,1
426,NA,H.tortuosa,Garden,G-TOR-02,4,5,HP,600,NA,NA,Garden,G-TOR-01,12,1,NA,NA,NA,NA,NA,20170220,27.5,NA,NA,NA,NA,NA,0
467,NA,H.tortuosa,Garden,G-TOR-02,16,1,OP,NA,NA,NA,NA,NA,NA,NA,NA,NA,NA,NA,NA,20170220,NA,NA,NA,NA,NA,NA,1
468,NA,H.tortuosa,Garden,G-TOR-02,16,4,OP,NA,NA,NA,NA,NA,NA,NA,NA,NA,NA,NA,NA,20170220,NA,NA,NA,NA,NA,NA,0
226,NA,H.tortuosa,Garden,G-TOR-02,3,7,OP,NA,NA,NA,NA,NA,NA,NA,NA,NA,NA,NA,NA,20170303,NA,NA,NA,NA,NA,saw VISA visit,0
229,NA,H.tortuosa,Garden,G-TOR-02,14,4,HP,600,NA,NA,Garden,G-TOR-01,16,4,NA,NA,NA,NA,NA,20170303,35.5,NA,NA,NA,NA,NA,0
247,NA,H.tortuosa,Garden,G-TOR-02,9,5,OP,NA,NA,NA,NA,NA,NA,NA,NA,NA,NA,NA,NA,20170304,NA,NA,NA,NA,NA,NA,0
252,NA,H.tortuosa,Garden,G-TOR-02,20,7,OP,NA,NA,NA,NA,NA,NA,NA,NA,NA,NA,NA,NA,20170304,NA,NA,NA,NA,NA,NA,0
253,NA,H.tortuosa,Garden,G-TOR-02,2,4,OP,NA,NA,NA,NA,NA,NA,NA,NA,NA,NA,NA,NA,20170304,NA,NA,NA,NA,NA,NA,0
254,NA,H.tortuosa,Garden,G-TOR-02,23,4,OP,NA,NA,NA,NA,NA,NA,NA,NA,NA,NA,NA,NA,20170304,NA,NA,NA,NA,NA,NA,1
255,NA,H.tortuosa,Garden,G-TOR-02,17,2,HP,530,NA,NA,Garden,G-TOR-01,2,2,NA,NA,NA,NA,NA,20170304,33.5,NA,NA,NA,NA,NA,0
258,NA,H.tortuosa,Garden,G-TOR-02,13,6,HP,530,NA,NA,Garden,G-TOR-01,2,2,NA,NA,NA,NA,NA,20170304,33.5,NA,NA,NA,NA,NA,0
259,NA,H.tortuosa,Garden,G-TOR-02,24,2,OP,NA,NA,NA,NA,NA,NA,NA,NA,NA,NA,NA,NA,20170304,NA,NA,NA,NA,NA,NA,0
263,NA,H.tortuosa,Garden,G-TOR-02,21,5,HP,600,NA,NA,Garden,G-TOR-01,2,2,NA,NA,NA,NA,NA,20170304,33.5,NA,NA,NA,NA,NA,0
274,NA,H.tortuosa,Garden,G-TOR-02,16,1,OP,NA,NA,NA,NA,NA,NA,NA,NA,NA,NA,NA,NA,20170304,NA,NA,NA,NA,NA,NA,0
261,NA,H.tortuosa,Garden,G-TOR-02,1,2,OP,NA,NA,NA,NA,NA,NA,NA,NA,NA,NA,NA,NA,20170305,NA,NA,NA,NA,NA,NA,0
262,NA,H.tortuosa,Garden,G-TOR-02,14,4,OP,NA,NA,NA,NA,NA,NA,NA,NA,NA,NA,NA,NA,20170305,NA,NA,NA,NA,NA,NA,0
267,NA,H.tortuosa,Garden,G-TOR-02,17,4,HP,600,NA,NA,Garden,G-TOR-01,9,5,NA,NA,NA,NA,NA,20170305,31.5,NA,NA,NA,NA,NA,0
268,NA,H.tortuosa,Garden,G-TOR-02,13,7,HP,600,NA,NA,Garden,G-TOR-01,9,5,NA,NA,NA,NA,NA,20170305,31.5,NA,NA,NA,NA,NA,0
269,NA,H.tortuosa,Garden,G-TOR-02,24,3,OP,NA,NA,NA,NA,NA,NA,NA,NA,NA,NA,NA,NA,20170305,NA,NA,NA,NA,NA,NA,0
270,NA,H.tortuosa,Garden,G-TOR-02,2,8,HP,600,NA,NA,Garden,G-TOR-01,9,5,NA,NA,NA,NA,NA,20170305,31.5,NA,NA,NA,NA,NA,0
692,NA,H.tortuosa,Garden,G-TOR-02,19,6,OP,NA,NA,NA,NA,NA,NA,NA,NA,NA,NA,NA,NA,20170305,NA,NA,NA,NA,NA,NA,1
281,NA,H.tortuosa,Garden,G-TOR-02,22,5,OP,NA,NA,NA,NA,NA,NA,NA,NA,NA,NA,NA,NA,20170306,NA,NA,NA,NA,NA,NA,0
283,NA,H.tortuosa,Garden,G-TOR-02,3,4,OP,NA,NA,NA,NA,NA,NA,NA,NA,NA,NA,NA,NA,20170306,NA,NA,NA,NA,NA,NA,0
284,NA,H.tortuosa,Garden,G-TOR-02,21,2,HP,600,NA,NA,Garden,G-TOR-01,12,3,NA,NA,NA,NA,NA,20170306,33,NA,NA,NA,NA,NA,0
285,NA,H.tortuosa,Garden,G-TOR-02,14,4,HP,600,NA,NA,Garden,G-TOR-01,12,3,NA,NA,NA,NA,NA,20170306,33,NA,6.5,28.2,NA,NA,0
289,NA,H.tortuosa,Garden,G-TOR-02,4,3,OP,NA,NA,NA,NA,NA,NA,NA,NA,NA,NA,NA,NA,20170306,NA,NA,NA,NA,NA,NA,0
291,NA,H.tortuosa,Garden,G-TOR-02,19,2,HP,600,NA,NA,Garden,G-TOR-01,12,3,NA,NA,NA,NA,NA,20170306,33,NA,3,31.4,NA,NA,0
686,NA,H.tortuosa,Garden,G-TOR-02,15,4,HP,600,NA,NA,Garden,G-TOR-01,12,3,NA,NA,NA,NA,NA,20170306,33,NA,7.5,27.4,NA,NA,0
711,NA,H.tortuosa,Garden,G-TOR-02,8,2,OP,NA,NA,NA,NA,NA,NA,NA,NA,NA,NA,NA,NA,20170306,NA,NA,NA,NA,NA,NA,3
514,NA,H.tortuosa,Garden,G-TOR-02,26,3,HP,600,NA,NA,Garden,G-TOR-01,18,1,NA,NA,NA,NA,NA,20170313,32,NA,NA,NA,NA,NA,0
537,NA,H.tortuosa,Garden,G-TOR-02,9,5,OP,NA,NA,NA,NA,NA,NA,NA,NA,NA,NA,NA,NA,20170313,NA,NA,NA,NA,NA,NA,0
568,NA,H.tortuosa,Garden,G-TOR-02,25,2,OP,NA,NA,NA,NA,NA,NA,NA,NA,NA,NA,NA,NA,20170313,NA,NA,NA,NA,NA,NA,0
571,NA,H.tortuosa,Garden,G-TOR-02,22,4,OP,NA,NA,NA,NA,NA,NA,NA,NA,NA,NA,NA,NA,20170313,NA,NA,NA,NA,NA,NA,0
602,NA,H.tortuosa,Garden,G-TOR-02,13,9,HP,630,NA,NA,Garden,G-TOR-01,18,1,NA,NA,NA,NA,NA,20170313,32,NA,NA,NA,NA,NA,0
296,NA,H.tortuosa,Garden,G-TOR-02,16,NA,OP,NA,NA,NA,NA,NA,NA,NA,NA,NA,NA,NA,NA,20170317,NA,NA,NA,NA,NA,NA,0
297,NA,H.tortuosa,Garden,G-TOR-02,17,NA,OP,NA,NA,NA,NA,NA,NA,NA,NA,NA,NA,NA,NA,20170317,NA,NA,NA,NA,NA,NA,0
305,NA,H.tortuosa,Garden,G-TOR-02,4,NA,OP,NA,NA,NA,NA,NA,NA,NA,NA,NA,NA,NA,NA,20170317,NA,NA,NA,NA,NA,NA,1
306,NA,H.tortuosa,Garden,G-TOR-02,4,NA,OP,NA,NA,NA,NA,NA,NA,NA,NA,NA,NA,NA,NA,20170317,NA,NA,NA,NA,NA,NA,1
751,NA,H.tortuosa,Garden,G-TOR-02,2,NA,OP,NA,NA,NA,NA,NA,NA,NA,NA,NA,NA,NA,NA,20170317,NA,NA,NA,NA,NA,NA,0
752,NA,H.tortuosa,Garden,G-TOR-02,14,NA,OP,NA,NA,NA,NA,NA,NA,NA,NA,NA,NA,NA,NA,20170317,NA,NA,NA,NA,NA,NA,0
753,NA,H.tortuosa,Garden,G-TOR-02,14,NA,OP,NA,NA,NA,NA,NA,NA,NA,NA,NA,NA,NA,NA,20170317,NA,NA,NA,NA,NA,NA,0
754,NA,H.tortuosa,Garden,G-TOR-02,14,NA,OP,NA,NA,NA,NA,NA,NA,NA,NA,NA,NA,NA,NA,20170317,NA,NA,NA,NA,NA,NA,0
812,NA,H.tortuosa,Garden,G-TOR-02,4,NA,OP,NA,NA,NA,NA,NA,NA,NA,NA,NA,NA,NA,NA,20170317,NA,NA,NA,NA,NA,NA,0
813,NA,H.tortuosa,Garden,G-TOR-02,4,NA,OP,NA,NA,NA,NA,NA,NA,NA,NA,NA,NA,NA,NA,20170317,NA,NA,NA,NA,NA,NA,0
503,NA,H.tortuosa,Garden,G-TOR-02,21,4,OP,NA,NA,NA,NA,NA,NA,NA,NA,NA,NA,NA,NA,20170321,NA,NA,NA,NA,NA,post tape 1,0
515,NA,H.tortuosa,Garden,G-TOR-02,14,4,OP,NA,NA,NA,NA,NA,NA,NA,NA,NA,NA,NA,NA,20170321,NA,NA,NA,NA,NA,post tape 1,1
529,NA,H.tortuosa,Garden,G-TOR-02,4,2,OP,NA,NA,NA,NA,NA,NA,NA,NA,NA,NA,NA,NA,20170321,NA,NA,NA,NA,NA,post tape 1,1
530,NA,H.tortuosa,Garden,G-TOR-02,4,5,OP,NA,NA,NA,NA,NA,NA,NA,NA,NA,NA,NA,NA,20170321,NA,NA,NA,NA,NA,post tape 1,3
546,NA,H.tortuosa,Garden,G-TOR-02,17,5,OP,NA,NA,NA,NA,NA,NA,NA,NA,NA,NA,NA,NA,20170321,NA,NA,NA,NA,NA,post tape 1,2
558,NA,H.tortuosa,Garden,G-TOR-02,24,2,OP,NA,NA,NA,NA,NA,NA,NA,NA,NA,NA,NA,NA,20170321,NA,NA,NA,NA,NA,post tape 1,0
559,NA,H.tortuosa,Garden,G-TOR-02,24,4,OP,NA,NA,NA,NA,NA,NA,NA,NA,NA,NA,NA,NA,20170321,NA,NA,NA,NA,NA,post tape 1,0
577,NA,H.tortuosa,Garden,G-TOR-02,15,4,OP,NA,NA,NA,NA,NA,NA,NA,NA,NA,NA,NA,NA,20170321,NA,NA,NA,NA,NA,post tape 1,0
578,NA,H.tortuosa,Garden,G-TOR-02,15,6,OP,NA,NA,NA,NA,NA,NA,NA,NA,NA,NA,NA,NA,20170321,NA,NA,NA,NA,NA,post tape 1,0
604,NA,H.tortuosa,Garden,G-TOR-02,13,7,OP,NA,NA,NA,NA,NA,NA,NA,NA,NA,NA,NA,NA,20170321,NA,NA,NA,NA,NA,post tape 1,1
628,NA,H.tortuosa,Garden,G-TOR-02,14,7,OP,NA,NA,NA,NA,NA,NA,NA,NA,NA,NA,NA,NA,20170321,NA,NA,NA,NA,NA,post tape 1,1
641,NA,H.tortuosa,Garden,G-TOR-02,5,2,OP,NA,NA,NA,NA,NA,NA,NA,NA,NA,NA,NA,NA,20170321,NA,NA,NA,NA,NA,post tape 1,1
642,NA,H.tortuosa,Garden,G-TOR-02,5,4,OP,NA,NA,NA,NA,NA,NA,NA,NA,NA,NA,NA,NA,20170321,NA,NA,NA,NA,NA,post tape 1,1
648,NA,H.tortuosa,Garden,G-TOR-02,26,4,OP,NA,NA,NA,NA,NA,NA,NA,NA,NA,NA,NA,NA,20170321,NA,NA,NA,NA,NA,post tape 1,1
694,NA,H.tortuosa,Garden,G-TOR-02,22,4,OP,NA,NA,NA,NA,NA,NA,NA,NA,NA,NA,NA,NA,20170321,NA,NA,NA,NA,NA,post tape 1,0
703,NA,H.tortuosa,Garden,G-TOR-02,6,2,OP,NA,NA,NA,NA,NA,NA,NA,NA,NA,NA,NA,NA,20170321,NA,NA,NA,NA,NA,post tape 1,1
704,NA,H.tortuosa,Garden,G-TOR-02,6,5,OP,NA,NA,NA,NA,NA,NA,NA,NA,NA,NA,NA,NA,20170321,NA,NA,NA,NA,NA,post tape 1,1
705,NA,H.tortuosa,Garden,G-TOR-02,6,6,OP,NA,NA,NA,NA,NA,NA,NA,NA,NA,NA,NA,NA,20170321,NA,NA,NA,NA,NA,post tape 1,1
708,NA,H.tortuosa,Garden,G-TOR-02,13,4,OP,NA,NA,NA,NA,NA,NA,NA,NA,NA,NA,NA,NA,20170321,NA,NA,NA,NA,NA,post tape 1,0
101,NA,H.wagneriana,Garden,G-WAG-01,1,3,OP,NA,NA,NA,NA,NA,NA,NA,NA,NA,NA,NA,NA,20170215,NA,NA,NA,NA,NA,NA,1
102,NA,H.wagneriana,Garden,G-WAG-01,1,4,OP,NA,NA,NA,NA,NA,NA,NA,NA,NA,NA,NA,NA,20170215,NA,NA,NA,NA,NA,NA,0
103,NA,H.wagneriana,Garden,G-WAG-01,2,2,OP,NA,NA,NA,NA,NA,NA,NA,NA,NA,NA,NA,NA,20170215,NA,NA,NA,NA,NA,NA,2
104,NA,H.wagneriana,Garden,G-WAG-01,2,6,OP,NA,NA,NA,NA,NA,NA,NA,NA,NA,NA,NA,NA,20170215,NA,NA,NA,NA,NA,NA,2
731,NA,H.wagneriana,Garden,G-WAG-01,3,3,OP,NA,NA,NA,NA,NA,NA,NA,NA,NA,NA,NA,NA,20170215,NA,NA,NA,NA,NA,NA,3
732,NA,H.wagneriana,Garden,G-WAG-01,3,4,OP,NA,NA,NA,NA,NA,NA,NA,NA,NA,NA,NA,NA,20170215,NA,NA,NA,NA,NA,NA,0
656,NA,H.wagneriana,Garden,G-WAG-01,2,3,OP,NA,NA,NA,NA,NA,NA,NA,NA,NA,NA,NA,NA,20170216,NA,NA,NA,NA,NA,NA,0
210,NA,H.wagneriana,Garden,G-WAG-01,3,4,OP,NA,NA,NA,NA,NA,NA,NA,NA,NA,NA,NA,NA,20170223,NA,NA,NA,NA,NA,NA,0
211,NA,H.wagneriana,Garden,G-WAG-01,3,5,OP,NA,NA,NA,NA,NA,NA,NA,NA,NA,NA,NA,NA,20170223,NA,NA,NA,NA,NA,NA,1
212,NA,H.wagneriana,Garden,G-WAG-01,3,6,OP,NA,NA,NA,NA,NA,NA,NA,NA,NA,NA,NA,NA,20170223,NA,NA,NA,NA,NA,NA,0
445,NA,H.wagneriana,Garden,G-WAG-01,2,1,OP,NA,NA,NA,NA,NA,NA,NA,NA,NA,NA,NA,NA,20170224,NA,NA,NA,NA,NA,NA,1
466,NA,H.wagneriana,Garden,G-WAG-01,3,3,OP,NA,NA,NA,NA,NA,NA,NA,NA,NA,NA,NA,NA,20170224,NA,NA,NA,NA,NA,NA,2
590,NA,H.wagneriana,Garden,G-WAG-01,1,1,OP,NA,NA,NA,NA,NA,NA,NA,NA,NA,NA,NA,NA,20170224,NA,NA,NA,NA,NA,NA,1
591,NA,H.wagneriana,Garden,G-WAG-01,1,6,OP,NA,NA,NA,NA,NA,NA,NA,NA,NA,NA,NA,NA,20170224,NA,NA,NA,NA,NA,NA,3
408,NA,H.wagneriana,Garden,G-WAG-01,4,1,OP,NA,NA,NA,NA,NA,NA,NA,NA,NA,NA,NA,NA,20170225,NA,NA,NA,NA,NA,NA,1
448,NA,H.wagneriana,Garden,G-WAG-01,2,8,OP,NA,NA,NA,NA,NA,NA,NA,NA,NA,NA,NA,NA,20170225,NA,NA,NA,NA,NA,NA,0
601,NA,H.wagneriana,Garden,G-WAG-01,1,3,OP,NA,NA,NA,NA,NA,NA,NA,NA,NA,NA,NA,NA,20170225,NA,NA,NA,NA,NA,NA,0
273,NA,H.wagneriana,Garden,G-WAG-01,4,1,HP,900,NA,NA,Garden,G-WAG-02,1,6,NA,NA,NA,NA,NA,20170228,25.5,NA,NA,NA,NA,NA,0
554,NA,H.wagneriana,Garden,G-WAG-01,2,1,HP,900,NA,NA,Garden,G-WAG-02,1,6,NA,NA,NA,NA,NA,20170228,25.5,NA,NA,NA,NA,NA,0
555,NA,H.wagneriana,Garden,G-WAG-01,2,3,HP,900,NA,NA,Garden,G-WAG-02,1,6,NA,NA,NA,NA,NA,20170228,25.5,NA,NA,NA,NA,NA,0
683,NA,H.wagneriana,Garden,G-WAG-01,3,4,HP,830,NA,NA,Garden,G-WAG-02,1,6,NA,NA,NA,NA,NA,20170228,26,NA,NA,NA,NA,NA,1
684,NA,H.wagneriana,Garden,G-WAG-01,3,5,HP,830,NA,NA,Garden,G-WAG-02,1,6,NA,NA,NA,NA,NA,20170228,26,NA,NA,NA,NA,NA,0
685,NA,H.wagneriana,Garden,G-WAG-01,3,7,HP,830,NA,NA,Garden,G-WAG-02,1,6,NA,NA,NA,NA,NA,20170228,26,NA,NA,NA,NA,NA,0
431,NA,H.wagneriana,Garden,G-WAG-01,1,7,HP,600,NA,NA,Garden,G-WAG-02,1,1,NA,NA,NA,NA,NA,20170301,37.5,NA,NA,NA,NA,NA,0
411,NA,H.wagneriana,Garden,G-WAG-01,2,3,OP,NA,NA,NA,NA,NA,NA,NA,NA,NA,NA,NA,NA,20170302,NA,NA,NA,NA,NA,NA,1
412,NA,H.wagneriana,Garden,G-WAG-01,2,5,OP,NA,NA,NA,NA,NA,NA,NA,NA,NA,NA,NA,NA,20170302,NA,NA,NA,NA,NA,NA,1
413,NA,H.wagneriana,Garden,G-WAG-01,2,7,OP,NA,NA,NA,NA,NA,NA,NA,NA,NA,NA,NA,NA,20170302,NA,NA,NA,NA,NA,NA,1
414,NA,H.wagneriana,Garden,G-WAG-01,2,8,OP,NA,NA,NA,NA,NA,NA,NA,NA,NA,NA,NA,NA,20170302,NA,NA,NA,NA,NA,NA,1
517,NA,H.wagneriana,Garden,G-WAG-01,3,3,HP,900,NA,NA,Garden,G-WAG-02,3,4,NA,NA,NA,NA,NA,20170302,32.5,NA,NA,NA,NA,NA,0
518,NA,H.wagneriana,Garden,G-WAG-01,3,4,HP,900,NA,NA,Garden,G-WAG-02,3,4,NA,NA,NA,NA,NA,20170302,32,NA,NA,NA,NA,NA,0
576,NA,H.wagneriana,Garden,G-WAG-01,5,2,HP,930,NA,NA,Garden,G-WAG-02,3,4,NA,NA,NA,NA,NA,20170302,32,NA,NA,NA,NA,NA,0
696,NA,H.wagneriana,Garden,G-WAG-01,4,1,OP,NA,NA,NA,NA,NA,NA,NA,NA,NA,NA,NA,NA,20170302,NA,NA,NA,NA,NA,NA,2
697,NA,H.wagneriana,Garden,G-WAG-01,4,2,OP,NA,NA,NA,NA,NA,NA,NA,NA,NA,NA,NA,NA,20170302,NA,NA,NA,NA,NA,NA,1
219,NA,H.wagneriana,Garden,G-WAG-01,1,6,HP,730,NA,NA,Garden,G-WAG-02,3,8,NA,NA,NA,NA,NA,20170303,34.5,NA,NA,NA,NA,NA,1
220,NA,H.wagneriana,Garden,G-WAG-01,1,7,HP,730,NA,NA,Garden,G-WAG-02,3,8,NA,NA,NA,NA,NA,20170303,34.5,NA,NA,NA,NA,NA,1
221,NA,H.wagneriana,Garden,G-WAG-01,3,7,HP,730,NA,NA,Garden,G-WAG-02,3,8,NA,NA,NA,NA,NA,20170303,34.5,NA,NA,NA,NA,NA,0
303,NA,H.wagneriana,Garden,G-WAG-01,2,2,OP,NA,NA,NA,NA,NA,NA,NA,NA,NA,NA,NA,NA,20170307,NA,NA,NA,NA,NA,NA,1
304,NA,H.wagneriana,Garden,G-WAG-01,2,5,OP,NA,NA,NA,NA,NA,NA,NA,NA,NA,NA,NA,NA,20170307,NA,NA,NA,NA,NA,NA,3
588,NA,H.wagneriana,Garden,G-WAG-01,5,3,HP,630,NA,NA,Garden,G-WAG-02,1,5,NA,NA,NA,NA,NA,20170307,28.5,NA,NA,NA,NA,NA,1
589,NA,H.wagneriana,Garden,G-WAG-01,5,4,HP,630,NA,NA,Garden,G-WAG-02,1,5,NA,NA,NA,NA,NA,20170307,28.5,NA,NA,NA,NA,NA,1
761,NA,H.wagneriana,Garden,G-WAG-01,1,7,HP,630,NA,NA,Garden,G-WAG-02,1,5,NA,NA,NA,NA,NA,20170307,28.5,NA,NA,NA,NA,NA,1
563,NA,H.wagneriana,Garden,G-WAG-01,2,2,HP,1030,NA,NA,Pino_Colina,PC-WAG-01,2,8,NA,NA,NA,NA,NA,20170314,NA,NA,NA,NA,NA,NA,0
678,NA,H.wagneriana,Garden,G-WAG-01,4,1,OP,NA,NA,NA,NA,NA,NA,NA,NA,NA,NA,NA,NA,20170316,NA,NA,NA,NA,NA,NA,2
679,NA,H.wagneriana,Garden,G-WAG-01,4,2,OP,NA,NA,NA,NA,NA,NA,NA,NA,NA,NA,NA,NA,20170316,NA,NA,NA,NA,NA,NA,3
680,NA,H.wagneriana,Garden,G-WAG-01,4,3,OP,NA,NA,NA,NA,NA,NA,NA,NA,NA,NA,NA,NA,20170316,NA,NA,NA,NA,NA,NA,2
681,NA,H.wagneriana,Garden,G-WAG-01,4,5,OP,NA,NA,NA,NA,NA,NA,NA,NA,NA,NA,NA,NA,20170316,NA,NA,NA,NA,NA,NA,3
682,NA,H.wagneriana,Garden,G-WAG-01,4,6,OP,NA,NA,NA,NA,NA,NA,NA,NA,NA,NA,NA,NA,20170316,NA,NA,NA,NA,NA,NA,2
500,NA,H.wagneriana,Garden,G-WAG-01,3,6,OP,NA,NA,NA,NA,NA,NA,NA,NA,NA,NA,NA,NA,20170317,NA,NA,NA,NA,NA,NA,1
505,NA,H.wagneriana,Garden,G-WAG-01,1,7,OP,NA,NA,NA,NA,NA,NA,NA,NA,NA,NA,NA,NA,20170317,NA,NA,NA,NA,NA,GRHE visit 6:45,0
446,NA,H.wagneriana,Garden,G-WAG-02,1,4,OP,NA,NA,NA,NA,NA,NA,NA,NA,NA,NA,NA,NA,20170301,NA,NA,NA,NA,NA,NA,1
480,NA,H.wagneriana,Garden,G-WAG-02,3,2,OP,NA,NA,NA,NA,NA,NA,NA,NA,NA,NA,NA,NA,20170301,NA,NA,NA,NA,NA,NA,0
481,NA,H.wagneriana,Garden,G-WAG-02,3,5,OP,NA,NA,NA,NA,NA,NA,NA,NA,NA,NA,NA,NA,20170301,NA,NA,NA,NA,NA,NA,1
482,NA,H.wagneriana,Garden,G-WAG-02,3,9,OP,NA,NA,NA,NA,NA,NA,NA,NA,NA,NA,NA,NA,20170301,NA,NA,NA,NA,NA,NA,0
750,NA,H.wagneriana,Garden,G-WAG-02,6,5,HP,600,NA,NA,Garden,G-WAG-01,4,4,NA,NA,NA,NA,NA,20170307,29,NA,NA,NA,NA,NA,0
391,NA,H.wagneriana,Pino_Colina,PC-WAG-01,1,3,OP,NA,NA,NA,NA,NA,NA,NA,NA,NA,NA,NA,NA,20170224,NA,NA,NA,NA,NA,NA,1
392,NA,H.wagneriana,Pino_Colina,PC-WAG-01,1,4,OP,NA,NA,NA,NA,NA,NA,NA,NA,NA,NA,NA,NA,20170224,NA,NA,NA,NA,NA,NA,0
393,NA,H.wagneriana,Pino_Colina,PC-WAG-01,1,5,OP,NA,NA,NA,NA,NA,NA,NA,NA,NA,NA,NA,NA,20170224,NA,NA,NA,NA,NA,NA,0
567,NA,H.wagneriana,Pino_Colina,PC-WAG-01,5,7,HP,930,NA,NA,Garden,G-WAG-01,2,1,NA,NA,NA,NA,NA,20170314,22,NA,NA,NA,NA,NA,1
512,NA,H.wagneriana,Pino_Colina,PC-WAG-01,3,5,OP,NA,NA,NA,NA,NA,NA,NA,NA,NA,NA,NA,NA,20170315,NA,NA,NA,NA,NA,NA,2
564,NA,H.wagneriana,Pino_Colina,PC-WAG-01,5,6,HP,730,NA,NA,Garden,G-WAG-01,1,5,NA,NA,NA,NA,NA,20170315,26,NA,NA,NA,NA,NA,1
629,NA,H.wagneriana,Pino_Colina,PC-WAG-02,10,3,OP,NA,NA,NA,NA,NA,NA,NA,NA,NA,NA,NA,NA,20170315,NA,NA,NA,NA,NA,NA,0
646,NA,H.wagneriana,Pino_Colina,PC-WAG-02,11,3,OP,NA,NA,NA,NA,NA,NA,NA,NA,NA,NA,NA,NA,20170315,NA,NA,NA,NA,NA,NA,1
565,NA,H.wagneriana,Pino_Colina,PC-WAG-02,11,4,OP,NA,NA,NA,NA,NA,NA,NA,NA,NA,NA,NA,NA,20170316,NA,NA,NA,NA,NA,NA,0
458,NA,H.wagneriana,Pino_Colina,PC-WAG-03,2,1,OP,NA,NA,NA,NA,NA,NA,NA,NA,NA,NA,NA,NA,20170222,NA,NA,NA,NA,NA,NA,0
459,NA,H.wagneriana,Pino_Colina,PC-WAG-03,2,2,OP,NA,NA,NA,NA,NA,NA,NA,NA,NA,NA,NA,NA,20170222,NA,NA,NA,NA,NA,NA,0
370,NA,H.wagneriana,Pino_Colina,PC-WAG-03,1,2,HP,1000,NA,NA,Pino_Colina,PC-WAG-02,5,7,NA,NA,NA,NA,NA,20170228,23.5,NA,NA,NA,NA,NA,1
371,NA,H.wagneriana,Pino_Colina,PC-WAG-03,1,4,HP,1000,NA,NA,Pino_Colina,PC-WAG-02,5,7,NA,NA,NA,NA,NA,20170228,NA,NA,NA,NA,NA,NA,0
372,NA,H.wagneriana,Pino_Colina,PC-WAG-03,1,6,HP,1100,NA,NA,Pino_Colina,PC-WAG-02,5,7,NA,NA,NA,NA,NA,20170228,NA,NA,NA,NA,NA,NA,0
373,NA,H.wagneriana,Pino_Colina,PC-WAG-03,1,7,HP,1030,NA,NA,Pino_Colina,PC-WAG-02,5,7,NA,NA,NA,NA,NA,20170228,NA,NA,NA,NA,NA,NA,0
396,NA,H.wagneriana,Pino_Colina,PC-WAG-04,1,1,HP,1030,NA,NA,Pino_Colina,PC-WAG-03,2,3,NA,NA,NA,NA,NA,20170228,NA,NA,NA,NA,NA,NA,1
397,NA,H.wagneriana,Pino_Colina,PC-WAG-04,1,3,HP,1030,NA,NA,Pino_Colina,PC-WAG-03,2,3,NA,NA,NA,NA,NA,20170228,NA,NA,NA,NA,NA,NA,0
499,NA,H.wagneriana,Pino_Colina,PC-WAG-04,1,6,HP,900,NA,NA,Garden,G-WAG-01,5,5,NA,NA,NA,NA,NA,20170314,24,NA,22,31.4,0,HP before nectar extraction,1
